titolo,descrizione,immago,tag,categoria,territorio,URL,fontedati,webmap,collaborazione,data,mese,anno,titolo_pm,primamappa
Studio Demografico e Socio-Economico del Centro Storico di Palermo,Un'innovativa piattaforma di analisi geospaziale che trasforma i dati catastali e demografici in insights strategici per la comprensione del tessuto urbano palermitano.,https://palermohub.opendatasicilia.it/egend/thumbs_index/prg_part_catastali.jpg,"Catasto,MapLibre GL JS,Economia,Territorio,Popolazione",Strumenti Urbanistici,Palermo,https://palermohub.github.io/cspa/,https://zornade.com/,,@gbvitrano,05-08-2025,2025-August,2025,,
DEMO 3 - Variante Generale e Particelle catastali e stampa pdf,"DEMO 3 - Variante Generale e Particelle catastali, mappa realizzata con QGIS, pmtiles e  librerie Maplibre e un pizzico di AI",https://palermohub.opendatasicilia.it/egend/thumbs_index/socio_econ.jpg,"Catasto,MapLibre GL JS,Leafmap,Variante Generale,PRG,Palermo",Strumenti Urbanistici,Palermo,https://palermohub.opendatasicilia.it/prg_part_catastali.html,"Comune di Palermo, Regione Sicilia",,@gbvitrano,05-01-2025,2025-January,2025,,
DEMO - Variante Generale e Particelle catastali,"DEMO - Variante Generale e Particelle catastali, mappa realizzata con QGIS, pmtiles e  librerie Maplibre",https://palermohub.opendatasicilia.it/egend/thumbs_index/prg_catasto.jpg,"Catasto,MapLibre GL JS,Leafmap,Variante Generale,PRG,Palermo",Strumenti Urbanistici,Palermo,https://palermohub.opendatasicilia.it/prg_catasto.html,"Comune di Palermo, Regione Sicilia",,@gbvitrano,02-01-2025,2025-January,2025,,
Palermo - Strumenti Urbanistici - Modello 3D - MapLibre,Modello 3D - MapLibre,https://palermohub.opendatasicilia.it/egend/thumbs_index/pmtiles_pa.jpg,"Overture Maps Foundation,MapLibre GL JS,Leafmap",Strumenti Urbanistici,Palermo,https://palermohub.opendatasicilia.it/palermo_amap.html,"Overture Maps Foundation, Comune di Palermo",,@gbvitrano,30-12-2024,2024-December,2024,,
"Amap, Palermo - Mappa Distretti razionamento idrico dal 7 Ottobre 2024",Amap adotterà a partire dal prossimo 7 ottobre un piano sperimentale di razionamento della risorsa idrica che riguarderà diversi distretti della città di Palermo.,https://palermohub.opendatasicilia.it/egend/thumbs_index/palermo_amap.jpg,"Dighe,Fiumi,Laghi,Lago,Fiume,Diga,Siccità,Riduzione idrica,Turnazione,Interruzione di servizio",Emergenze,Palermo,https://palermohub.opendatasicilia.it/pmtiles_pa.html,AMAP S.p.A,,"@aborruso,@gbvitrano",27-07-2024,2024-July,2024,"Palermo, dal giorno 7 ottobre scatta il piano di razionamento idrico: ecco la mappa dei distretti interessati",https://www.arcgis.com/apps/instant/sidebar/index.html?appid=dc7a2076b9134892b79aa6b2709c8dc2
Palermo Catasto indendi 2023,Aggiornamento del catasto dei soprassuoli percorsi dal fuoco. Incendi Anno 2023,https://palermohub.opendatasicilia.it/egend/thumbs_index/incendi_palermo_2023.jpg,"Catasto incendi,Palermo,Incendi,Sicilia,2023",Ambiente,Palermo,http://u.osmfr.org/m/1103005/,"Comune di Palermo, SIF",,@gbvitrano,12-08-2024,2024-August,2024,Palermo | Catasto dei soprassuoli percorsi dal fuoco 2023,http://u.osmfr.org/m/1103005/
"Palermo, mappa dei distretti gestiti dall'AMAP S.p.A. soggetti a riduzione della pressione idrica",Amap SpA ha risposto a una nostra richiesta e ha messo a disposizione di OpenDataScilia e pubblicamente le informazioni disponibili sulla localizzazione dei distretti della rete idrica di Palermo,https://palermohub.opendatasicilia.it/egend/thumbs_index/distretti_amap_pa.jpg,"Dighe,Fiumi,Laghi,Lago,Fiume,Diga,Siccità,Riduzione idrica,Distretto, Pressione idrica",Emergenze,Palermo,https://palermohub.opendatasicilia.it/distretti_amap_pa.html,AMAP S.p.A,,"@aborruso,@gbvitrano",24-04-2024,2024-April,2024,"Palermo, mappa dei distretti gestiti dall'AMAP S.p.A. soggetti a riduzione della pressione idrica",http://u.osmfr.org/m/1059819/
"Mappa con le principali risorse idriche dell'isola, dighe,laghi e fiumi",Sicilia principali risorse idriche,https://palermohub.opendatasicilia.it/egend/thumbs_index/risorse_idriche.jpg,"Dighe,Fiumi,Laghi,Lago,Fiume,Diga,Siccità,Riduzione idrica",Emergenze,Sicilia,https://palermohub.opendatasicilia.it/risorse_idriche.html,Regione Sicilia,,@gbvitrano,06-04-2024,2024-April,2024,Sicilia | Principali risorse idriche,http://u.osmfr.org/m/1051183/
Italia | Punti di ricarica per i veicoli elettrici,Piattaforma Unica Nazionale dei punti di ricarica per i veicoli elettrici.,https://palermohub.opendatasicilia.it/egend/thumbs_index/punti_ricarica.jpg,"Italia,Punti di ricarica, auto elettriche,colonnine,connettori,potenza",Mobilità,Italia,https://palermohub.opendatasicilia.it/punti_ricarica.html,"MASE,onData",,@gbvitrano,30-03-2024,2024-March,2024,Italia | Punti di ricarica per i veicoli elettrici,http://u.osmfr.org/m/1046714/
Deposito Nazionale dei rifiuti radioattivi | 51 AREE IDONEE,Deposito Nazionale dei rifiuti radioattivi | 51 AREE IDONEE,https://palermohub.opendatasicilia.it/egend/thumbs_index/depositi_nucleari.jpg,"Italia,Centali Nucleari,Scorie radiottive,deposaito scorie",Ambiente,Italia,https://palermohub.opendatasicilia.it/depositi_nucleari.html,"MASE,Sogin",,@gbvitrano,17-12-2023,2023-December,2023,Deposito Nazionale dei rifiuti radioattivi | 51 AREE IDONEE,http://u.osmfr.org/m/1000296/
Palermo | Localizzazione sinistri 2022 - Umap,"Il 2022 è caratterizzato da una netta ripresa della mobilità e, come conseguenza, anche dell’incidentalità stradale, dopo gli anni in cui la pandemia ha visto la sua fase più acuta. (ISTAT) e Palermo non fa eccezione.
Secondo gli ultimi rapporti, il numero di incidenti stradali a Palermo è rimasto elevato, richiedendo un'attenzione costante alla sicurezza stradale.",https://palermohub.opendatasicilia.it/egend/thumbs_index/Sinistri_stradali_2022_umap.jpg,"Palermo,Polizia Municipale,Incidenti,Sinistri,Flourish,Umap,Felt,Tableau",Mobilità,Palermo,https://palermohub.opendatasicilia.it/Palermo_incidenti_2022_umap.html,Comune di Palermo,,@gbvitrano,24-10-2023,2023-October,2023,Palermo | Localizzazione sinistri 2022 - Umap,http://u.osmfr.org/m/971650/
Palermo | Localizzazione sinistri 2022 - Felt,"Il 2022 è caratterizzato da una netta ripresa della mobilità e, come conseguenza, anche dell’incidentalità stradale, dopo gli anni in cui la pandemia ha visto la sua fase più acuta. (ISTAT) e Palermo non fa eccezione.
Secondo gli ultimi rapporti, il numero di incidenti stradali a Palermo è rimasto elevato, richiedendo un'attenzione costante alla sicurezza stradale.",https://palermohub.opendatasicilia.it/egend/thumbs_index/Sinistri_stradali_2022_felt.jpg,"Palermo,Polizia Municipale,Incidenti,Sinistri,Flourish,Umap,Felt,Tableau",Mobilità,Palermo,https://palermohub.opendatasicilia.it/Palermo_incidenti_2022_felt.html,Comune di Palermo,,@gbvitrano,24-10-2023,2023-October,2023,Palermo | Localizzazione sinistri 2022 - Felt,"https://felt.com/map/Palermo-Localizzazione-sinistri-2022-9AKlAYNeUTM9B6Ls19A9Bk9CMRB?loc=38.13916,13.35735,12.27z&share=1"
Italia | Incendi attivi VIIRS 375m / S-NPP,"Mappa con gli incendi attivi in Italia. In primo piano gli eventuali incendi del giorno in corso, a seguire gli incendi nelle 24h precedenti. Cliccando sull'icona layer si possono caricare gli incendi 48h e 7d, la mappa è alimentata con i dati della NASA Firms",https://palermohub.opendatasicilia.it/egend/thumbs_index/nasa_firms.jpg,"Incendi attivi,Sicilia,Italia,Europa,Nasa",Ambiente,Italia,https://palermohub.opendatasicilia.it/nasa_firms.html,NASA Firms,,@gbvitrano,30-08-2023,2023-August,2023,Italia | Incendi attivi VIIRS 375m / S-NPP,http://u.osmfr.org/m/953927/
Discarica di Bellolampo incendio del 24 luglio 2023,"Comuni, territorio e popolazione coinvolta (circa 61.800) nelle misure cautelative che interessano un’area con un raggio di 4 km dal sito della discarica di Bellolampo del Comune di Palermo dopo l'incendio del 24 luglio 2023",https://palermohub.opendatasicilia.it/egend/thumbs_index/bellolampo_diossina.jpg,"Palermo,Discarica Bellolampo,Diossina,Rifiuti,Incendi",Ambiente,Palermo,https://palermohub.opendatasicilia.it/nasa_firms.html,Comune di Palermo,,"@aborruso,@gbvitrano",01-08-2023,2023-August,2023,"Palermo, Bellolampo | Popolazione residente in un raggio di 4 km",http://u.osmfr.org/m/945640/
23 Borghi più belli della Sicilia | 2023,"Autonomie locali, premiati i ventitrè Borghi più belli della Sicilia. La Regione attribuisce per il 2023 un bonus economico pari a 750 mila euro ai Comuni della Sicilia che hanno ricevuto il riconoscimento di ""Borgo più bello d’Italia"" o di ""Borgo dei Borghi"".",https://palermohub.opendatasicilia.it/egend/thumbs_index/borghi_2023.jpg,"Palermo,Sicilia,Turismo,Borgo,Borghi,Borgo più bello",Cultura,Sicilia,https://palermohub.opendatasicilia.it/borghi_2023.html,Regione Sicilia,,@gbvitrano,18-06-2023,2023-June,2023,23 Borghi più belli della Sicilia | 2023,http://u.osmfr.org/m/929998/
Palermo 2023 | Geolocalizzazione degli Immobili da Alienare e da Valorizzare,"Piano delle alienazioni e valorizzazione ex art. 58 d. l. n. 112/2008 convertito con modificazioni in l. 133/2008 successivamente integrato dall’art. 33 comma 6 del d. l. 98/2011 nella l. 111/2011 a sua volta modificato dall’art. 27 della l. 214/2011 - da allegare al bilancio di previsione 2023 - 2025 – delibera di giunta comunale n. 100 del 6/4/2023 - presa d’atto. 
(Rialaborazione @opendatasicilia)",https://palermohub.opendatasicilia.it/egend/thumbs_index/beni_alienati_pa_2023.jpg,"Palemo,Immobili,Alienazione,Valorizzazione,Delibara",Strumenti Urbanistici,Palermo,https://palermohub.opendatasicilia.it/beni_alienati_pa_2023.html,Comune di Palermo,,@gbvitrano,03-06-2023,2023-June,2023,Palermo 2023 | Immobili da Alienare e da Valorizzare,http://u.osmfr.org/m/917228/
Palermo Catasto indendi 2022,Aggiornamento del catasto dei soprassuoli percorsi dal fuoco. Incendi Anno 2022,https://palermohub.opendatasicilia.it/egend/thumbs_index/catasto_incendi_pa_2022.jpg,"Catasto incendi,Palermo,Incendi,Sicilia,2022",Ambiente,Palermo,https://palermohub.opendatasicilia.it/catasto_incendi_pa_2022.html,"Comune di Palermo, Regione Sicilia",,@gbvitrano,31-05-2023,2023-May,2023,"Palermo | Catasto dei soprassuoli percorsi dal fuoco 2022
",http://u.osmfr.org/m/922750/
Italia- Approdi e Spiagge Blu 2023,"La Bandiera Blu è un riconoscimento internazionale, istituito nel 1987 Anno europeo dell’Ambiente, che viene assegnato ogni anno in 49 paesi, inizialmente solo europei, più recentemente anche extra-europei.
Bandiera Blu è un eco-label volontario assegnato alle località turistiche balneari che rispettano criteri relativi alla gestione sostenibile del territorio.",https://palermohub.opendatasicilia.it/egend/thumbs_index/divieti_balneazione_palermo.jpg,"Sicilia, Palermo, Divieti di balnezione, Zone di balneazione, mare, estate 2022",Ambiente,Italia,https://palermohub.opendatasicilia.it/divieti_balneazione_palermo.html,"FEE, Foundation for Environmental Education | Italia",,@gbvitrano,13-05-2023,2023-May,2023,Italia | Bandiere Blu 2023,http://u.osmfr.org/m/913993/
Acque di Balneazione e Divieti | Palermo stagione balneare 2023,Localizzazione delle aree di balneazione e divieti a Palermo per la stagione 2023 dal 01/05/2023 al 31/10/2023,https://palermohub.opendatasicilia.it/egend/thumbs_index/bandiere_blu_2023.jpg,"Sicilia, Palermo, Divieti di balnezione, Zone di balneazione, mare, estate  2022",Ambiente,Palermo,https://palermohub.opendatasicilia.it/bandiere_blu_2023.html,"Regione Sicilia, Ministero della Salute ",,@gbvitrano,02-05-2023,2023-May,2023,Acque di Balneazione e Divieti | Palermo stagione balneare 2023,http://u.osmfr.org/m/907649/
Acque di Balneazione | Sicilia stagione balneare 2023,Localizzazione delle aree di balneazione in Sicilia per la stagione 2023 dal 01/05/2023 al 31/10/2023,https://palermohub.opendatasicilia.it/egend/thumbs_index/acque_di_balneazione_2023_1.jpg,"Sicilia,Palermo,Divieti di balnezione,Zone di balneazione, mare, estate  2023",Ambiente,Sicilia,https://palermohub.opendatasicilia.it/acque_balneazione_2023.html,"Regione Sicilia, Ministero della Salute ",,"@gbvitrano,@totofiandaca",30-04-2023,2023-April,2023,Acque di Balneazione | Sicilia stagione balneare 2023,http://u.osmfr.org/m/906784/
Palermo - Nuove zone blu,Palermo - Nuove zone di tariffazione della sosta a pagamento dal 01 Feb 2023,https://palermohub.opendatasicilia.it/egend/thumbs_index/zone_blu.jpg,"Palermo,Parcheggi,Zone blu,ZTL,Varchi controllat,Parcheggi a raso",Mobilità,Palermo,https://palermohub.opendatasicilia.it/nuove_zone_blu.html,Comune di Palermo,,"@gbvitrano,Emilio Di Gristina",02-02-2023,2023-February,2023,Palermo - Nuove zone di tariffazione della sosta a pagamento dal 01 Feb 2023,http://u.osmfr.org/m/865515/
Palermo - Aggiornamento del catasto dei soprassuoli percorsi dal fuoco 2021,Palermo - Aggiornamento del catasto dei soprassuoli percorsi dal fuoco - Incendi anno 2021,https://palermohub.opendatasicilia.it/egend/thumbs_index/pa_catasto_fuoco_21.jpg,"Catasto incendi,Palermo,Incendi,Sicilia,2021","Emergenze,Ambiente,Incendi",Palermo,https://palermohub.opendatasicilia.it/pa_terre_bruciate_21.html,Comune di Palermo,,@gbvitrano,19-09-2022,2022-September,2022,Palermo - Aggiornamento del catasto dei soprassuoli percorsi dal fuoco - Incendi anno 2011,http://u.osmfr.org/m/809455/
Italia | Alberi Monumentali 2022,"La scoperta di un dataset interessante, indispensabile per fare conoscere un patrimonio di grande valore, probabilmente poco noto.",https://palermohub.opendatasicilia.it/egend/thumbs_index/alberi_monumentali_2022.jpg,"Alberi,Monumenti,Politiche agrigole,Ministero,Natura,Ecologia,",Ambiente,Italia,https://palermohub.opendatasicilia.it/alberi_monumentali_2022.html,Ministero delle politiche agricole alimentari e forestali,,@gbvitrano,29-07-2022,2022-July,2022,Alberi Monumentali | Italia 2022,http://u.osmfr.org/m/792453/
"Sicilia, spiagge accessibili 2022","Strutture balneari che tra percorsi dedicati e servizi necessari per le persone con disabilità motoria (anche temporanea) costituiscono in Sicilia una costellazione di spiagge accessibili in cui il mare è accessibile: da Palermo ad Agrigento, da Trapani a Catania, Siracusa e Pantelleria, il mare di Sicilia è un'esperienza godibile da tutti. (cit)",https://palermohub.opendatasicilia.it/egend/thumbs_index/Spiagge-per-tutti-accessibili-2022.jpg,"Sicily accessible beaches,Sicilia spiagge accessibili,Sedia Job,Disabili,Vacanze,Mare,Spiagge,Dog club,Dog beach,Spiaggia di Pluto, Sicilia spiagge per disabili",Cultura,Sicilia,https://palermohub.opendatasicilia.it/sicilia_spiagge_accessibili_2022.html,Sicilia Turismo per Tutti,,@gbvitrano,07-07-2022,2022-July,2022,"Sicilia, spiagge accessibili 2022",http://u.osmfr.org/m/784734/
"Palermo, popolazione residente per cittadinanza, UPL , Quartiere e Circoscrizione - 2020 Mappa a densità di punti","Gli stranieri residenti a Palermo nel 2020 sono 25.400 e rappresentano 130 Nazionalità provenienti da 5 Continenti, oggi sono il 3,89% della popolazione totale (653.570) e lo 0.7% del totale nazionale, dato che colloca Palermo in decima posizione tra le 14 Città metropolitane per numero di residenti stranieri regolari.",https://palermohub.opendatasicilia.it/egend/thumbs_index/stranieri_residenti_subregions_dot_2020_01.jpg,"Popolazione straniera,Stranieri,Palermo,Circoscrizioni,UPL",Statistica,Palermo,https://palermohub.opendatasicilia.it/stranieri_residenti_subregions_dot_2020.html,Comune di Palermo,,@gbvitrano,17-02-2022,2022-February,2022,,
Misilmeri | Carta Tecnica Regionale (CTR) 1:10000 e 1:2000,Carta Tecnica Regionale in scala 1:10.000 edizione 2012-2013 della regione siciliana. Shapefile generati a partire dai file ASCII RSI e RSE. Sistema di coordinate ETRS89 Fuso 33 Nord (EPSG: 25833),https://palermohub.opendatasicilia.it/egend/thumbs_index/ctr10k_misilmeri.jpg,"Misilmeri, Carta Tecnica Regionale,CTR,1:10000, 1:2000",Cartografia,Misilmeri,https://palermohub.opendatasicilia.it/index_ctr10k_misilmeri.html#13/38.0203/13.4327,Regione Sicilia,,@gbvitrano,29-10-2021,2021-October,2021,,
Misilmeri | Piano regolatore generale  - Vigente al 2021,Misilmeri | Piano regolatore generale  - Vigente al 2021,https://palermohub.opendatasicilia.it/egend/thumbs_index/prg_misilmeri_01.jpg,"Piano Regolatore Generale,Misilmeri,regolamento edilizio,norme tecniche di attuazione",Strumenti Urbanistici,Misilmeri,https://palermohub.opendatasicilia.it/index_prg_misilmeri.html#15/38.0307/13.4446,Comune di Misilmeri,,@gbvitrano,27-10-2021,2021-October,2021,,
Misilmeri | Patrimonio immobiliare 2021,Elenco Patrimonio immobiliare anni 2019/2020- Fino a maggio 2021,https://palermohub.opendatasicilia.it/egend/thumbs_index/misilmeri.jpg,"Misilmeri,Patrimonio immobiliare,Immobili Comunali,Immobili confiscati,Scuole,Terreni",Strumenti Urbanistici,Misilmeri,http://u.osmfr.org/m/672587/,Comune di Misilmeri,,@gbvitrano,25-10-2021,2021-October,2021,Misilmeri | Patrimonio immobiliare 2021,http://u.osmfr.org/m/672587/
Comuni Italiani | 2021,"Mappa dei comuni Italiani, è possibile filtrare i Comuni in base a diversi parametri.
- Regione - Provincia - Sigla Provincia - Comune - Codice Istat -C.a.p. - Codice Fiscale",https://palermohub.opendatasicilia.it/egend/thumbs_index/comuni_italiani.jpg,"Comuni Italiani,Stemma,Pec,Cap,Codice Fiscale,csv,opendata,browser,Italia,Comuni",Cultura,Italia,https://palermohub.opendatasicilia.it/comuni_italiani.html,"ISTAT,indicepa.gov.it,araldicacivica.it,Wikipedia Italia",,"@gbvitrano,@DennisAngemi,@gaba1123",29-09-2021,2021-September,2021,Comuni Italiani | 2021,http://u.osmfr.org/m/660870/
InformaCOVID | Mappa dei comuni che hanno aderito,"InformaCOVID. è rivolto principalmente ai sindaci delle città italiane, ma non solo. Associazioni, scuole, testate giornalistiche, praticamente chiunque sia in possesso di dati COVID19, provenienti da fonti ufficiali ed autorevoli, può utilizzare la piattaforma per dare comunicazione alla cittadinanza. A seguire l'elenco completo dei comuni che hanno aderito a InformaCOVID.",https://palermohub.opendatasicilia.it/egend/thumbs_index/informacovid.png,"Emergenze,Covid-19,Pandemia,Vaccino,Centri vaccinali,Vaccini","Emergenze,Covid-19,Pandemia,Vaccino,Centri vaccinali",Italia,https://palermohub.opendatasicilia.it/informacovid.html,Comuni Siciliani,,"@gbvitrano,@DennisAngemi,@gaba1123",23-09-2021,2021-September,2021,InformaCOVID | Mappa dei comuni che hanno aderito,http://u.osmfr.org/m/658737/
Sicilia | ADESIONI CAMPAGNA VACCINALE - Strutture e Farmacie| 2021,"Strutture sanitarie autorizzate ad eseguire il tampone rapido anti-Covid valido ai fini dell’emissione del certificato a prezzi calmierati. Agg. 30 settembre 2021 e Farmacie in provincia di Palermo dove poter fasre il vaccino
Coronavirus, ecco dove poter ricevere la dose Pfizer: l'elenco delle farmacie è stato aggiornato e diffuso dall'Asp",https://palermohub.opendatasicilia.it/egend/thumbs_index/farm_vaccino_01.jpg,"Emergenze,Covid-19,Pandemia,Vaccino,Centri vaccinali,Vaccini","Emergenze,Covid-19,Pandemia,Vaccino,Centri vaccinali",Sicilia,https://palermohub.opendatasicilia.it/farmacie_vacc_anticovid.html,Ministero della Salute,,"@gbvitrano,@totofiandaca",27-08-2021,2021-August,2021,ADESIONI CAMPAGNA VACCINALE - Elenco farmacie PALERMO E PROVINCIA | 2021,http://u.osmfr.org/m/650232/
AMAP | AVVISO AGLI UTENTI DELLA CITTÀ DI PALERMO SERVITI DAL SERBATOIO MONTE GRIFONE,"In riferimento alla nota n.001-11759 del 05/08/2021, si ribadisce che:
“fermo restando l’uso non potabile dell’acqua, la stessa non è da ritenersi idonea per l’incorporazione negli alimenti quando l’acqua ne rappresenti l’ingrediente principale (minestre, bevande), soprattutto di quelli destinati a neonati o lattanti, mentre ne è consentito l’utilizzo per il lavaggio di verdura, ortaggi e frutta, per l’igiene personale e della casa”.",https://palermohub.opendatasicilia.it/egend/thumbs_index/seb_monte_grifone.jpg,"Palermo,Ambiente,SERBATOIO MONTE GRIFONE,Amap,Avviso,",Ambiente,Palermo,https://palermohub.opendatasicilia.it/seb_amap.html,AMAP spa,,@gbvitrano,08-08-2021,2021-August,2021,AMAP | AVVISO AGLI UTENTI DELLA CITTÀ DI PALERMO SERVITI DAL SERBATOIO MONTE GRIFONE,http://u.osmfr.org/m/644846/
Sicilia | Valutazioni Ambientali - Mappa progetti,Sicilia | Valutazioni Ambientali - Mappa progetti,https://palermohub.opendatasicilia.it/egend/thumbs_index/valutazioni_ambientali.jpg,"Urbanistica,Palermo,Sicilia,Ambiente,Progetti,Rifiuti,ATTIVITÀ PRODUTTIVE,CAVE,OPERE CIVILI E MARITTIME,VAS,VINCA,",Ambiente,Sicilia,https://palermohub.opendatasicilia.it/valutazioni_ambientali.html,Assessorato Regionale del Territorio e dell'Ambiente,,@gbvitrano,07-08-2021,2021-August,2021,Portale Valutazioni Ambientali - Mappa progetti,https://si-vvi.regione.sicilia.it/map/viavas-oggetti.html
DPC-Aggregati-Strutturali-ITG | Palermo,"La Presidenza del Consiglio dei Ministri – Dipartimento della Protezione Civile ha pubblicato su Github il dataset nazionale degli aggregati strutturali, una raccolta dati sugli aggregati edilizi del nostro Paese.",https://palermohub.opendatasicilia.it/egend/thumbs_index/aggregati_strutturali_pa.jpg,"Urbanistica,aggregati strutturali, poligoni,palermo",Strumenti Urbanistici,Palermo,https://palermohub.opendatasicilia.it/aggregati_strutturali_pa.html,Presidenza del Consiglio dei Ministri - Dipartimento della Protezione Civile,,"@totofiandaca,@gbvitrano",13-05-2021,2021-May,2021,PC-Aggregati-Strutturali-ITG | Palermo,https://gbvitrano.carto.com/viz/79dba7bd-bec1-4c74-8937-eb04e52437e5/embed_map
Sicilia - Approdi e Spiagge Blu 2021,"La Sicilia conquista dieci bandiere blu distribuite tra le province di Messina, Agrigento e Ragusa.
Le Bandiere Blu vanno ai Comuni di Alì Terme, Roccalumera, Santa Teresa di Riva, Lipari, Tusa, Menfi, Modica, Ispica, Pozzallo, Ragusa.",https://palermohub.opendatasicilia.it/egend/thumbs_index/bandiereblu.jpg,"Ambiente,mare,spiagge,approdi,bandiere blu,feee",Ambiente,Sicilia,https://palermohub.opendatasicilia.it/bandiereblu.html,FEE - Italia,,@gbvitrano,11-05-2021,2021-May,2021,Sicilia - Approdi e Spiagge Blu 2021,http://u.osmfr.org/m/609085/
Covid-19 | 2021 - Centri vaccinali in Sicilia,Mappa ed lelenco dei centri vccinali covid-19 in sicilia,https://palermohub.opendatasicilia.it/egend/thumbs_index/sicilia_centri_vaccinali.jpg,"covid-19,sicilia,vaccini,zona rossa,zone rosse,,Incidenza cumulativa, indice 250,","Emergenze,Covid-19,Pandemia,Vaccino,Centri vaccinali",Sicilia,https://bl.ocks.org/gbvitrano/raw/c95bf7141e51d2029addfe0b92ae12b0/,OpenDataSicilia,,"@aborruso,@totofiandaca,@gbvitrano",16-04-2021,2021-April,2021,Covid-19 | 2021 - Centri vaccinali in Sicilia,https://bl.ocks.org/gbvitrano/raw/c95bf7141e51d2029addfe0b92ae12b0/
COVID-19 | 2021 - Comuni siciliani attualmente in zona rossa,"La Regione Siciliana pubblica le ordinanze per le zone rosse solo tramite PDF (spesso sono fotocopie) e sono raccolte nel sito ufficiale nella sezione SERVIZI INFORMATIVI | ORDINANZE COVID-19.
Per ovviare a questi brutti PDF, Totò Fiandaca ha creato un foglio elettronico dove ha scritto, dopo aver aperto uno ad uno tutte le ordinanze del 2021, i comuni in zona rossa e relativo intervallo temporale, compreso anche di eventuale proroga e link al PDF.",https://palermohub.opendatasicilia.it/egend/thumbs_index/zonarossa_11042021.jpg,"covid-19,sicilia,vaccini,zona rossa,zone rosse,,Incidenza cumulativa, indice 250,","Emergenze,Covid-19,Pandemia,Vaccino,Centri vaccinali",Sicilia,https://bl.ocks.org/gbvitrano/raw/664ac98fd51590d48290b70709a4ea48/,OpenDataSicilia,,"@aborruso,@totofiandaca,@DennisAngemi,@gbvitrano",06-04-2021,2021-April,2021,COVID-19 e i comuni siciliani in zona rossa anno 2021,http://opendatasicilia.it/2021/04/10/covid-19-e-i-comuni-siciliani-in-zona-rossa-anno-2021/
COVID-19 | 2021 - Incidenza cumulativa settimanale dei contagi,"Incidenza cumulativa settimanale dei contagi, Ricoverati e posti letto in terapia intensiva",https://palermohub.opendatasicilia.it/egend/thumbs_index/social_card_ondata.jpg,"covid-19,sicilia,vaccini,zona rossa,zone rosse,","Emergenze,Covid-19,Pandemia,Vaccino,Centri vaccinali",Italia,https://bl.ocks.org/gbvitrano/raw/9e2d5b6721cd757a290d73f6ba7bc6d6/,ondata.it,,@aborruso,05-03-2021,2021-March,2021,COVID-19 | Incidenza cumulativa settimanale dei contagi,https://bl.ocks.org/aborruso/raw/28374f1d59a5d9880c4c76dc66865cd8/
Geolocalizzazione degli esercizi convenzionati buono pasto cartaceo ed eletronico | Impresa SODEXO | 2021,Sicilia | Convenzione Buoni Pasto 8 Lotto 12 - Impresa SODEXO | 2021,https://palermohub.opendatasicilia.it/egend/thumbs_index/buoni_pasto.jpg,"Buoni pasto, Esercizi convenzionati,SODEXO,",Cultura,Sicilia,https://palermohub.opendatasicilia.it/buoni_pasto.html,Comune di Palermo,,@gbvitrano,16-02-2021,2021-February,2021,Sicilia | Convenzione Buoni Pasto 8 Lotto 12 - Impresa SODEXO | 2021,http://u.osmfr.org/m/563385/
Italia - Mappa news Incendi registrati nel 2021,La mappa delle notizie relative agli Incendi avvenuti nel nostro paese nel 2021,https://palermohub.opendatasicilia.it/egend/thumbs_index/news_incendi_2018.jpg,"Incendi,News,EFFIS,Pericolo","Emergenze,Ambiente,Incendi",Italia,https://palermohub.opendatasicilia.it/news_incendi_2021.html,"European Forest Fire Information System,EFFIS",,@gbvitrano,01-01-2021,2021-January,2021,,http://u.osmfr.org/m/546236/
Mappa terremoti in Italia nel 2021 (earthquakes today),Mappa terremoti in Italia nel 2021 - Archivo eventi sismici registarti nel 2019 suddivisi per mese,https://palermohub.opendatasicilia.it/egend/thumbs_index/terremoti_2019.jpg,"Terremoti,Terremoto,IGNV,Lista terremto,",Emergenze,Italia,https://palermohub.opendatasicilia.it/terremoti_2021.html,INGV,,"@aborruso,@gbvitrano",01-01-2021,2021-January,2021,Terremoti in Italia nel 2021 (earthquakes today),http://u.osmfr.org/m/547981/
Cambia-menti 1962,Cambia-menti…#Palermo…Variante Generale PRG 2004 vs PRG 1962,https://palermohub.opendatasicilia.it/egend/thumbs_index/cambia-menti2.jpg,"Variante Generale,PRG,PPE,Centro Storico,Palermo,Controllo del territorio,Governo del territorio,Zonizzazione,Pianp Particolareggiato",Strumenti Urbanistici,Palermo,https://palermohub.opendatasicilia.it/cambia-menti2.html,Comune di Palermo,,@gbvitrano,27-12-2020,2020-December,2020,,
PRG aggionato con i provvedimenti del d.p.r.s. n 110/a del 28/06/1962 e con le successive varianti fino a giugno 1984,Le tavole sono in formato JPG quale frutto di scansione delle tavole cartacee.,https://palermohub.opendatasicilia.it/egend/thumbs_index/qu_prg_62.jpg,"Variante Generale,PRG,PPE,Centro Storico,Palermo,Controllo del territorio,Governo del territorio,Zonizzazione,Pianp Particolareggiato",Strumenti Urbanistici,Palermo,https://palermohub.opendatasicilia.it/qu_prg_62.html,Comune di Palermo,,@gbvitrano,25-12-2020,2020-December,2020,,
Oli vegetali usati punti di raccolta in Sicilia,La mappa dei punti di raccolta è disponibile all'indirizzo https://ecologicaitaliana.com/mappa-raccolte-oli.html ed ulteriori informazioni sono disponibili al numero verde gratuito 800-987719,https://palermohub.opendatasicilia.it/egend/thumbs_index/oli_vegetali.jpg,"Olii,Riciclo,Rifiuti",Ambiente,Sicilia,https://palermohub.opendatasicilia.it/oli_vegetali.html,ecologicaitaliana.com,,"@aborruso,@cirospat,@gbvitrano",04-03-2020,2020-March,2020,,http://umap.openstreetmap.fr/it/map/oli-vegetali-usati-punti-di-raccolta-in-sicilia_426938
Italia - Mappa news Incendi registrati nel 2020,La mappa delle notizie relative agli Incendi avvenuti nel nostro paese nel 2020,https://palermohub.opendatasicilia.it/egend/thumbs_index/news_incendi_2020.jpg,"Incendi,News,EFFIS,Pericolo","Emergenze,Ambiente,Incendi",Italia,https://palermohub.opendatasicilia.it/news_incendi_2020.html,"European Forest Fire Information System,EFFIS",,@gbvitrano,01-01-2020,2020-January,2020,Italia – Mappa news Incendi registrati nel 2020,http://u.osmfr.org/m/403685/
Mappa terremoti in Italia nel 2020 (earthquakes today),Mappa terremoti in Italia nel 2020 - Archivo eventi sismici registarti nel 2019 suddivisi per mese,https://palermohub.opendatasicilia.it/egend/thumbs_index/terremoti_2018.jpg,"Terremoti,Terremoto,IGNV,Lista terremto,",Emergenze,Italia,https://palermohub.opendatasicilia.it/terremoti_2020.html,INGV,,"@aborruso,@gbvitrano",01-01-2020,2020-January,2020,Terremoti in Italia nel 2020 (earthquakes today),http://u.osmfr.org/m/403690/
Ufficio Anagrafe e Postazioni decentrate dove vegono rilasciate le carte d'identità elettroniche - CIE,"Palermo, Ufficio Anagrafe, Postazioni decentrate e sede di Circoscrizione. Carta di identità elettronica. Dal primo ottobre, Il costo di rilascio sarà di 22.20 euro di cui 16.8 andranno al Ministero dell’Interno, mentre per ottenere il duplicato in caso di danneggiamento, furto o smarrimento il costo sarà di 27.35 euro....",https://palermohub.opendatasicilia.it/egend/thumbs_index/cie.jpg,"Palermo,Cie,CIE,Carta di identità elettronica,Ufficio Anagrafe, Postazioni decentrate,Circoscrizioni,",Uffici Comunali,Palermo,https://palermohub.opendatasicilia.it/cie.html,Comune,,@gbvitrano,21-09-2019,2019-September,2019,Ufficio Anagrafe e Postazioni decentrate dove vegono rilasciate le carte d'identità elettroniche,http://u.osmfr.org/m/367156/
"Fontanelle a Palermo, un progetto per scoprire quelle di acqua potabile - Rielaborazione dati OpenDataSicilia.it e Associazione onData.it","Adesso lo sai, Se usi una fontanella, ti prendi cura del mondo,  Non fare piangere una fontanella, USALA!",https://palermohub.opendatasicilia.it/egend/thumbs_index/social_card_07.jpg,"Palermo,Fontanelle,Fontane,Acqua pubblica,Amap,PlasticFree,PalermoPlasticFree,",Ambiente,Palermo,https://fontanelle.ondata.it/mappa/,"AMAP,Comune  di Palermo",,"@aborruso,@Emiliodigri,@totofiandaca,@cirospat,@gpirrotta,@gbvitrano",26-08-2019,2019-August,2019,Fontanelle a Palermo,https://fontanelle.ondata.it/
Fontanelle acqua potabile Comune di Palermo - 2019,"Palermo, mappa delle fontane e fontanelle pubbliche di aqcua potabile più vicono casa. Si potrà fare approvvigionamento di acqua potabile e frenare il consumo di plastica. Un piccolo gesto per la difesa dell'ambiente. #PalermoPlasticFree",https://palermohub.opendatasicilia.it/egend/thumbs_index/fontanelle1_pa.jpg,"Palermo,Fontanelle,Fontane,Acqua pubblica,Amap,PlasticFree,PalermoPlasticFree,",Ambiente,Palermo,https://palermohub.opendatasicilia.it/fontanelle_pa.html,AMAP SPA - Palermo,,@gbvitrano,25-08-2019,2019-August,2019,Le Fontanelle di Palermo - AMAP SPA,https://www.amapspa.it/it/azienda/le-fontanelle-di-palermo/
Sinistri stradali rilevati nel Territorio comunale di Palermo nell'anno 2018 - Rielaborati con Flourish,"Sinistri stradali rilevati nel Territorio comunale di Palermo nell'anno 2018 - Rielaborati con Flourish, la piattaforma più potente per la visualizzazione e la narrazione dei dati",https://palermohub.opendatasicilia.it/egend/thumbs_index/sinistri_2018_flourish.jpg,"Palermo,Polizia Municipale,Incidenti,Sinistri,Flourish",Mobilità,Palermo,https://palermohub.opendatasicilia.it/sinistri_2018_flourish.html,Comune di Palermo,,"@aborruso,@gbvitrano",22-07-2019,2019-July,2019,"Storytelling Sinistri stradali rilevati nel Territorio comunale di Palermo nell'anno 2018 - Rielaborati con Flourish

  
  




  
  


",https://public.flourish.studio/story/65380/
"Sicilia, spiagge accessibili 2019","Strutture balneari che tra percorsi dedicati e servizi necessari per le persone con disabilità motoria (anche temporanea) costituiscono in Sicilia una costellazione di spiagge accessibili in cui il mare è accessibile: da Palermo ad Agrigento, da Trapani a Catania, Siracusa e Pantelleria, il mare di Sicilia è un'esperienza godibile da tutti. (cit)",https://palermohub.opendatasicilia.it/egend/thumbs_index/sicilia_spiagge_accessibili_02.jpg,"Sicily accessible beaches,Sicilia spiagge accessibili,Sedia Job,Disabili,Vacanze,Mare,Spiagge,Dog club,Dog beach,Spiaggia di Pluto, Sicilia spiagge per disabili",Cultura,Sicilia,https://palermohub.opendatasicilia.it/sicilia_spiagge_accessibili.html,Sicilia Turismo per Tutti,,@gbvitrano,22-06-2019,2019-June,2019,"Sicilia, spiagge accessibili 2019",http://u.osmfr.org/m/339960/
"Palermo, popolazione residente per cittadinanza, UPL , Quartiere e Circoscrizione - 2018 Mappa a densità di punti","Gli stranieri residenti a Palermo nel 2018  sono 25.735 e rappresentano 130 Nazionalità, oggi sono il 3,83% della popolazione totale (670.954). Chi sono questi stranieri? Da dove vengono? Quanti sono? Dove vivono? Qual'è il rapporto stranieri/italiani nel territorio? ...I cittadini Bangladesi, Singalesi, Ghanesi e Romeni da soli costituiscono più della  metà (57,41%) di tutti gli stranieri residenti a  Palermo.",https://palermohub.opendatasicilia.it/egend/thumbs_index/stranieri_residenti_subregions_dot.jpg,"Popolazione straniera,Stranieri,Palermo,Circoscrizioni",Statistica,Palermo,https://palermohub.opendatasicilia.it/stranieri_residenti_subregions_dot.html,Comune di Palermo,,"@aborruso,@totofiandaca,@gbvitrano",08-06-2019,2019-June,2019,,
Residenti Stranieri a Palermo - 2018,Popolazione Residente a Palermo nel 2018. Palermo si contraddistingue tra i comuni siciliani per una maggiore presenza multietnica: gli stranieri residenti sono di 127 differenti nazionalità. Questa specificità è testimoniata tanto dal crogiolo di lingue parlate quanto dalle diverse “culture” presenti.,https://palermohub.opendatasicilia.it/egend/thumbs_index/residenti_stranieri_pa.jpg,"Popolazione straniera,Stranieri,Palermo,Circoscrizioni,",Statistica,Palermo,https://palermohub.opendatasicilia.it/stranieri_residenti_suregions.html,Comune di Palermo,,"@aborruso,@totofiandaca,@gbvitrano",18-05-2019,2019-May,2019,,
#FACCIAMOUNPATTO,"Palermo - Piano di pulizia straordinaria - 2019, dal 06 Maggio al 17 Luglio 2019 Piano di pulizia straordinario, 62 giorni lavorativi per la pulizia straordinaria di tutti i quartieri.",https://palermohub.opendatasicilia.it/egend/thumbs_index/FACCIAMOUNPATTO.jpg,"FACCIAMOUNPATTO,TENIAMOPULITO,Pulizia straordinria,Piano,Decoro Urbano,Ambiente,",Ambiente,Palermo,https://palermohub.opendatasicilia.it/FACCIAMOUNPATTO.html,Comune di Palermo,,@gbvitrano,04-05-2019,2019-May,2019,Palermo - Piano di pulizia straordinaria - 2019,http://u.osmfr.org/m/322422/
Siclia - Parafarmacie 2019,Mappa puntuale delle parafarmacie su tutto il territorio regionale,https://palermohub.opendatasicilia.it/egend/thumbs_index/sicilia_parafarmacie.jpg,"Parafarmacie,Framaci da banco,farmaci vendibili senza ricetta",Cultura,Sicilia,https://palermohub.opendatasicilia.it/sicilia_parafarmacie.html,Regione Sicilia,,@gbvitrano,26-04-2019,2019-April,2019,Siclia - Parafarmacie 2019,http://u.osmfr.org/m/319479/
Palermo - Stagione balneare 2019 - Divieti di balneazione,"Divieto di balneazione, dal 1° maggio al 31 ottobre 2019, nei tratti di mare antistanti la costa del territorio di Palermo. L’Ordinanza fa riferimento alle disposizioni contenute nel Decreto n. 421 del 19 marzo scorso dell’Assessorato Regionale della Salute - Dipartimento Attività Sanitarie ed Osservatorio Epidemiologico di valutazione delle acque di mare destinate alla balneazione.",https://palermohub.opendatasicilia.it/egend/thumbs_index/pa_divieti_balneazione_2019.jpg,"Mare,Spiaggia,Divieti,Balneazione,Estate,",Ambiente,Palermo,https://palermohub.opendatasicilia.it/pa_divieti_balneazione_2019.html,Comune di Palermo,,@gbvitrano,19-04-2019,2019-April,2019,Palermo - Stagione balneare 2019 - Divieti di balneazione,http://u.osmfr.org/m/317227/
Responsabile della transizione al digitale (RTD) - Sicilia,Il Responsabile Transizione Digitale è una figura professionale prevista dall'art. 17 del Codice dell'Amministrazione Digitale,https://palermohub.opendatasicilia.it/egend/thumbs_index/RTD.jpg,"RTD,Responsabile transizione digitale,Enti,",Cultura,Sicilia,https://palermohub.opendatasicilia.it/RTD.html,indicepa.gov.it,,"@aborruso,@totofiandaca,@cirospat,@gbvitrano",03-04-2019,2019-April,2019,Responsabile transizione digitale - Sicilia,http://u.osmfr.org/m/310910/
A.M.T. Catania - Marzo 2019,Azienda Metropolitana Trasporti (A.M.T.) Catania - Marzo 2019 - NO GTFS,https://palermohub.opendatasicilia.it/egend/thumbs_index/amt_catania.jpg,"Bus,Fermate,Catania,Mobilità,AMT",Mobilità,Catania,https://palermohub.opendatasicilia.it/amt_catania.html,AMT - Catania,,"@aborruso,@totofiandaca,@gbvitrano",29-03-2019,2019-March,2019,Azienda Metropolitana Trasporti (AMT) Catania - Marzo 2019,http://u.osmfr.org/m/308965/
CCR Centro Comunale di Raccolta - Isola ecologica,Cosa è il CCR Centro Comunale di Raccolta...? E’ un’area presidiata per la raccolta differenziata dei rifiuti urbani e assimilati,https://palermohub.opendatasicilia.it/egend/thumbs_index/ccr_isole_ecologiche_02.jpg,"Riciclo,Indumenti,Abbandono,Isola ecologica,Raccolta differenziata,Rifiuti urbani,","Ambiente,Rifiuti,Riciclo",Palermo,https://palermohub.opendatasicilia.it/ccr_isole_ecologiche.html,RAP,,"@aborruso,@totofiandaca,@cirospat,@gbvitrano",23-03-2019,2019-March,2019,Palermo - CCR Centro Comunale di Raccolta - Isola ecologica,http://u.osmfr.org/m/307075/
INFC,Inventario Nazionale delle Foreste e dei Serbatoi Forestali di Carbonio (INFC) - Dati quantitativi su popolamento e necromassa,https://palermohub.opendatasicilia.it/egend/thumbs_index/concentrazione_alberi.jpg,"Alberi,Boschi,Castagneti,Pino,Sugherete,Igrofili,Abete rosso,Abete bianco,Rovere,Popolamento,Necromassa ",Ambiente,Italia,https://palermohub.opendatasicilia.it/concentrazione_alberi.html,INFC,,@gbvitrano,16-03-2019,2019-March,2019,,
Sinistri stradali rilevati nel Territorio comunale di Palermo nell'anno 2018 - Umap,Incidenti rilevati dalla Polizia Municipale di Palermo - Umap (tot. incidenti 3340),https://palermohub.opendatasicilia.it/egend/thumbs_index/sinistri_2018.jpg,"Palermo,Polizia Municipale,Incidenti,Sinistri,",Mobilità,Palermo,https://palermohub.opendatasicilia.it/sinistri_2018.html,Comune di Palermo,,@gbvitrano,15-03-2019,2019-March,2019,Palermo Sinistri stradali 2018,http://u.osmfr.org/m/303740/
Teca Digitale e Bene Comune,"Mappa dei progetti Teca digitale, immagini storiche che il Sistema Bibliotecario Cittadino di Palermo ha reso disponibile online sul social network flickr, tutte pubblicate con una licenza aperta CC BY-SA 4.0 che ne consente il riuso - Rielaborazione dati OpenDataSicilia",https://palermohub.opendatasicilia.it/egend/thumbs_index/library_02.jpg,"Foto storiche,Cartoline,Postcard,Palermo,Persone,Hotel,Ristoranti,Caffè,Parco,Piazza,Via,Collezione,Cartografie Storiche,
",Cultura,"Palermo
",https://palermohub.opendatasicilia.it/teca_digitale.html,Comune di Palermo,,"@aborruso,@totofiandaca,@cirospat,@gbvitrano",12-03-2019,2019-March,2019,Teca Digitale e Bene Comune,
Biblioteche e bene comune digitale,"Mappa dei progetti Teca digitale, immagini storiche che il Sistema Bibliotecario Cittadino di Palermo ha reso disponibile online sul social network flickr, tutte pubblicate con una licenza aperta CC BY-SA 4.0 che ne consente il riuso - Rielaborazione dati OpenDataSicilia",https://palermohub.opendatasicilia.it/egend/thumbs_index/teca_digitale.jpg,"Foto storiche,Cartoline,Postcard,Palermo,Persone,Hotel,Ristoranti,Caffè,Parco,Piazza,Via,Collezione,Cartografie Storiche 
",Cultura,"Palermo
",https://palermohub.opendatasicilia.it/library.html,Comune di Palermo,,"@aborruso,@gbvitrano",12-03-2019,2019-March,2019,Biblioteche e bene comune digitale,http://u.osmfr.org/m/301213/
Mappa del pendolarismo da e per Palermo 2011 | flowmap.blue,Mappa dinamica del pendolarismo da e per Palermo – Istat 2011,https://palermohub.opendatasicilia.it/egend/thumbs_index/Pendolarismo_flowmap_blue.jpg,"Mobilità,Pendolarismo,Bus,Mezzo proprio,Lavoro, Studio,ISTAT",Mobilità,Sicilia,https://flowmap.blue/1gDrYiVk4jNhmqkBhFwKOYhBTHfOU_GNsjDUHV5vpuVE,ISTAT,,@gbvitrano,25-01-2019,2019-January,2019,,https://flowmap.blue/1gDrYiVk4jNhmqkBhFwKOYhBTHfOU_GNsjDUHV5vpuVE
Italia - Mappa news Incendi registrati nel 2019,La mappa delle notizie relative agli Incendi avvenuti nel nostro paese nel 2019. ,https://palermohub.opendatasicilia.it/egend/thumbs_index/news_incendi_2019.jpg,"Incendi,News,EFFIS,Pericolo","Emergenze,Ambiente,Incendi",Italia,https://palermohub.opendatasicilia.it/news_incendi_2019.html,"European Forest Fire Information System,EFFIS",,@gbvitrano,13-01-2019,2019-January,2019,Italia – Mappa news Incendi registrati nel 2019,http://u.osmfr.org/m/271485/
Mappa terremoti in Italia nel 2019 (earthquakes today),Mappa terremoti in Italia nel 2019 - Archivo eventi sismici registarti nel 2019 suddivisi per mese,https://palermohub.opendatasicilia.it/egend/thumbs_index/terremoti_2019.jpg,"Terremoti,Terremoto,IGNV,Lista terremto,",Emergenze,Italia,https://palermohub.opendatasicilia.it/terremoti_2019.html,INGV,,"@aborruso,@gbvitrano",01-01-2019,2019-January,2019,Terremoti in Italia nel 2019 (earthquakes today),http://u.osmfr.org/m/278617/
Mappa terremoti in Italia nel 2018,Mappa terremoti in Italia nel 2018 - Archivo eventi sismici registarti nel 2018 suddivisi per mese,https://palermohub.opendatasicilia.it/egend/thumbs_index/terremoti_2018.jpg,"Terremoti,Terremoto,IGNV,Lista terremto,",Emergenze,Italia,https://palermohub.opendatasicilia.it/terremoti_2018.html,INGV,,"@aborruso,@gbvitrano",30-12-2018,2018-December,2018,Terremoti in Italia nel 2018,http://u.osmfr.org/m/278582/
Stalli riservati all'Ape Calessino,47 stalli riservati all'Ape Calessino per servizio pubblico,https://palermohub.opendatasicilia.it/egend/thumbs_index/motocarrozzette.jpg,"Taxi,Ape Calessino,Cultura,Turismo,Mobilità,Motocarrozzette",Mobilità,Palermo,https://palermohub.opendatasicilia.it/motocarrozzette.html,Comune di Palermo,,@cirospat,17-11-2018,2018-November,2018,Spazi riservati alle motocarrozzette per servizio pubblico,http://u.osmfr.org/m/266413/
ARS - Mappa Deputati della XVII Legislatura,Assemblea Regionale Siciliana - ARS - Mappa Deputati della XVII Legislatura distribuiti per collegio di elezione ,https://palermohub.opendatasicilia.it/egend/thumbs_index/deputati_ars.jpg,"ARS,Deputati della XVII Legislatura,Sicilia,Colleggio elettorale,","Cultura,ARS",Sicilia,https://palermohub.opendatasicilia.it/deputati_ars.html,Regione Sicilia,,"@gpirrotta,@gbvitrano",11-11-2018,2018-November,2018,,
Mappa interattiva segnalazioni RAP ,Mappa interattiva delle segnalazioni alla RAP (Risorse Ambiente Palermo) by OpenDataSicilia - Settembre 2018,https://palermohub.opendatasicilia.it/egend/thumbs_index/app_rap.jpg,"Rifiuti,Segnalazioni,RAP,Palermo,Discariche abusive,Tableau,","Ambiente,Rifiuti,Riciclo",Palermo,https://palermohub.opendatasicilia.it/app_rap.html,Applicazione RAP,,"@aborruso,@totofiandaca,@gbvitrano",14-10-2018,2018-October,2018,,
"Targa Florio Classica - Ferrari Tribute, limitazioni alla circolazione veicolare - Palermo","Manifestazione automobilistica ""Targa Florio Classica - Ferrari Tribute ""riservata a vetture storiche valida per il Campionato Italiano grandi Eventi e Ferrari Tribute to Targa Florio riservata ai possessori di vetture Ferrari.",https://palermohub.opendatasicilia.it/egend/thumbs_index/targa_florio.jpg,"Palermo,Targa Florio,Viabilità,Divieto di circolazione,Divieto di sosta,Limitazioni alla circolazione,",Mobilità,Palermo,https://palermohub.opendatasicilia.it/targa_florio.html,Comune di Palermo,,@gbvitrano,05-10-2018,2018-October,2018,"Targa Florio Classica - Ferrari Tribute, limitazioni alla circolazione veicolare - Palermo",http://u.osmfr.org/m/253444/
Palermo - Aggiornamento del catasto dei soprassuoli percorsi dal fuoco,Palermo - Aggiornamento del catasto dei soprassuoli percorsi dal fuoco - Incendi anno 2017,https://palermohub.opendatasicilia.it/egend/thumbs_index/pa_catasto_fuoco.jpg,"Catasto incendi,Palermo,Incendi,Sicilia,","Emergenze,Ambiente,Incendi",Palermo,https://palermohub.opendatasicilia.it/catasto_terre_bruciate_palermo.html,"Comune di Palermo,Copernicus",,@gbvitrano,01-10-2018,2018-October,2018,Palermo - Aggiornamento del catasto dei soprassuoli percorsi dal fuoco - Incendi anno 2017,http://u.osmfr.org/m/257151/
Localizzazione degli edifici scolastici attivi - Anno Scolastico 2017/18 - Provincia Palermo,"Al via l’operazione trasparenza sui dati dell’Anagrafe dell’edilizia scolastica, da oggi disponibili in chiaro, per singolo istituto scolastico, attraverso il portale del Ministero dell’Istruzione, dell’Università e della Ricerca nella sezione dedicata ai dati e open data.",https://palermohub.opendatasicilia.it/egend/thumbs_index/anagrafe_scuola.jpg,"Ediliazia Scolastica,MIUR,Scuola,Anagrafe dell’edilizia,",Strumenti Urbanistici,Palermo,https://palermohub.opendatasicilia.it/anagrafe_scuola.html,MIUR,,@gbvitrano,29-09-2018,2018-September,2018,Localizzazione degli edifici scolastici attivi - Anno Scolastico 2017/18 - Provincia Palermo,http://u.osmfr.org/m/252061/
Papa Francesco a Palermo,Viabilità provvisoria in occasione della visita di Papa Francesco a Palermo - Settembre 2018,https://palermohub.opendatasicilia.it/egend/thumbs_index/papafrancescopalermo.jpg,"Papa Francesco,Strade chiuse,Diviti di sosta, Diviti di transito,Metropolitana,Tram,Viabilità provvisoria,",Mobilità,Palermo,https://palermohub.opendatasicilia.it/papafrancescopalermo.html,Comune di Palermo,,"@totofiandaca,@gbvitrano",09-09-2018,2018-September,2018,Viabilità provvisoria in occasione della visita di Papa Francesco a Palermo - Settembre 2018,http://bit.ly/papafrancescopalermo
"Sicilia - Ponti e viadotti Agosto 2018 - Tableau public
","Mappa intereattiva dei ponti e viadotti siciliani, utilizzando Tableau Public usando i dati di OpenStreetMap (utilizzando overpass-turbo.eu)",https://palermohub.opendatasicilia.it/egend/thumbs_index/ponti_tableau.jpg,"Infrastrutture,Ponti,Viadotti,Crolli,Monitoraggio Civico,Tableau,",Mobilità,Sicilia,https://palermohub.opendatasicilia.it/ponti_sicilia_centroidi.html,OpenStreetMap,,"@gbvitrano,@totofiandaca",27-08-2018,2018-August,2018,Sicilia - Ponti e viadotti Agosto 2018 - Tableau public,http://u.osmfr.org/m/242901/
"Sicilia - Ponti e viadotti Agosto 2018 
",Localizzati 8.703 tratte stradali su ponte o viadotti della Sicilia usando i dati di OpenStreetMap (utilizzando overpass-turbo.eu),https://palermohub.opendatasicilia.it/egend/thumbs_index/ponti_viadotti_sicilia_01.jpg,"Infrastrutture,Ponti,Viadotti,Crolli,Monitoraggio Civico,Tableau,",Mobilità,Sicilia,https://palermohub.opendatasicilia.it/ponti_viadotti_sicilia.html,OpenStreetMap,,@gbvitrano,24-08-2018,2018-August,2018,Sicilia - Ponti e viadotti Agosto 2018 (8.703 tratte stradali su ponte o viadotti),"http://u.osmfr.org/m/242667/
"
Sicurezza ponti e cavalcavia - Palermo - Agosto 2018,"Localizzazione dei ponti di Palermo usando i dati di OpenStreetMap (utilizzando overpass-turbo.eu) e mettendoli ove possibile in relazione con i dati della suddetta relazione del comunicato stampa del Comune di Palermo. Purtroppo al momento, in attesa dei dati del catasto ufficiale, è poco più di un elenco.",https://palermohub.opendatasicilia.it/egend/thumbs_index/sicurezzapontipalermo.jpg,"Infrastrutture,Ponti,Viadotti,Crolli,Monitoraggio,Tableau,",Mobilità,Palermo,https://palermohub.opendatasicilia.it/sicurezzapontipalermo.html,"Comune di Palermo,OpenStreetMap",,@gbvitrano,24-08-2018,2018-August,2018,Sicurezza ponti e cavalcavia - Palermo - Agosto 2018,http://u.osmfr.org/m/242667/
Italia – Ponti e viadotti - Agosto 2018,"La mappa è stata realizzata dopo l’ennesimo crollo di un ponte, (Genova, crolla il Ponte Morandi) con i dati estratti da OSM utilizzando overpass-turbo.eu, strumento utilissimo sia per semplicità d’utilizzo che per la possibilità di effettuare estrazioni mirate, ovvero ci permette di filtrare il tipo di dati che ci servono in una determinata area geografica. Si potrebbe utilizzare la mappa come base cartografica per un censimento Nazionale di ponti e viadotti, segnalando con foto o video lo stato di fatto o apparente di ponti e viadotti di strade locali e nazionali del nostro Paese.",https://palermohub.opendatasicilia.it/egend/thumbs_index/italia_ponti_viadotti.jpg,"Infrastrutture,Ponti,Viadotti,Crolli,Monitoraggio Civico,Tableau,",Mobilità,Italia,https://palermohub.opendatasicilia.it/sicilia_ponti_viadotti.html,OpenStreetMap,,@gbvitrano,15-08-2018,2018-August,2018,Italia – Ponti e viadotti,http://bit.ly/pontieviadotti
Dove sono gli alberi monumentali d'Italia?,"La scoperta di un dataset interessante, indispensabile per fare conoscere un patrimonio di grande valore, probabilmente poco noto.",https://palermohub.opendatasicilia.it/egend/thumbs_index/alberi_monumentali.jpg,"Alberi,Monumenti,Politiche agrigole,Ministero,Natura,Ecologia,",Ambiente,Italia,https://palermohub.opendatasicilia.it/alberi_monumentali.html,Ministero delle politiche agricole alimentari e forestali,,@aborruso,28-05-2018,2018-May,2018,Dove sono gli alberi monumentali d’Italia? - L’elaborazione di un dataset e una richiesta al ministero,"https://medium.com/tantotanto/dove-sono-gli-alberi-monumentali-ditalia-ffd7d0d6d860
"
Mappa Concessioni Demaniali Marittime,Il dataset continene i dati delle concessioni marittime gestiti dal SID il portale del mare -portale integrato per la pianificazione del demanio e dello spazio marittimo. Le informazioni contengono anche la geolocalizzazione. I dati si riferiscono ad Aprile 2018.,https://palermohub.opendatasicilia.it/egend/thumbs_index/Concessioni_Demaniali_Marittime.jpg,Concessioni Demaniali Marittime,Ambiente,Italia,https://palermohub.opendatasicilia.it/concessioni_demaniali_marittime.html,"Ministero delle Infrastrutture e dei Trasporti,dati.mit.gov.it",,@gbvitrano,29-04-2018,2018-April,2018,Mappa Concessioni Demaniali Marittime,http://u.osmfr.org/m/216683/
Mappa dei rischi dei comuni Italiani,Esplora gli indicatori della Mappa dei rischi dei comuni Italiani - Dataset rilsciato dall'ISTAT in 2017,https://palermohub.opendatasicilia.it/egend/thumbs_index/Guenter_ixmaps_istat.jpg,Rischi dei comuni Italiani,Ambiente,Italia,https://exp.ixmaps.com.s3-website-eu-west-1.amazonaws.com/ixmaps/app/ISTAT/index_rischi_explorer_cratere.html,ISTAT,,@grichter,19-04-2018,2018-April,2018,,
Sinistri stradali rilevati nel Territorio comunale di Palermo nell'anno 2017 - Umap,Incidenti rilevati dalla Polizia Municipale di Palermo - Umap (tot. incidenti 3468),https://palermohub.opendatasicilia.it/egend/thumbs_index/sinistri_2017.jpg,"Palermo,Polizia Municipale,Incidenti,Sinistri,",Mobilità,Palermo,https://palermohub.opendatasicilia.it/sinistri_2017.html,Comune di Palermo,,@gbvitrano,20-03-2018,2018-March,2018,Palermo Sinistri stradali 2017,http://u.osmfr.org/m/212004/
Elezioni Politiche 2018,Il voto elettorale come non l'avete mai visto,https://palermohub.opendatasicilia.it/egend/thumbs_index/elezioni_2018.jpg,Elezioni Politiche,Politica,Italia,https://exp.ixmaps.com.s3-website-eu-west-1.amazonaws.com/ixmaps/app/Elezioni%202018/index_2018_maps.html,onData.it,,"@grichter,@aborruso",15-03-2018,2018-March,2018,,
"Palermo AirBnB - Opendata Gennaio 2018
","Palermo AirBnB - Opendata Gennaio 2018 - Nella mappa sono riportati gli alloggi turistici di Palermo (4.319) affiliati della piattaforma home sharing Inside Airbnb
",https://palermohub.opendatasicilia.it/egend/thumbs_index/palermo_airbnb.jpg,"Palermo,Turismo,AirBnB,Alloggi,Camere,Camere in affitto,Vacanze, Bed & Breakfasts,Ville,Appartamenti,Resort,Ostelli,Hotel,B&B:Prezzi,","Cultura,Turismo",Palermo,https://palermohub.opendatasicilia.it/palermo_airbnb.html,Scraping di Murray Cox - @murraycoxphoto,,@gbvitrano,25-01-2018,2018-January,2018,,
"Geocodifica il tuo indirizzo
","Usa questa utility  per trovare le coordinate geografiche di un punto  di una  via, una località, un comune o una regione.
Per otterere le coordinate latitudine e longitudine puoi:
Scrivere per esteso il nome della via o della 
località (semplificato dal completamento automatico di Google per le 
località Italiane) che ti interessa e cliccare su invio.Trascinare il markernella mappa per ottenere le coordinate e l'indirizzo.",https://palermohub.opendatasicilia.it/egend/thumbs_index/geolocalizza.jpg,"Geolocalizzati,Indirizzo,Coordinate,Latitudine,Longitudine,",Cultura,Italia,https://palermohub.opendatasicilia.it/geolocalizza.html,Google Maps,,@gbvitrano,12-01-2018,2018-January,2018,Geocodifica il tuo indirizzo,https://siciliahub.github.io/mappe/geolocation/geolocation.html
Italia - Mappa news Incendi registrati nel 2018,La mappa delle notizie relative agli Incendi avvenuti nel nostro paese nel 2018. ,https://palermohub.opendatasicilia.it/egend/thumbs_index/news_incendi_2018.jpg,"Incendi,News,EFFIS,Pericolo","Emergenze,Ambiente,Incendi",Italia,https://palermohub.opendatasicilia.it/news_incendi_2018.html,"European Forest Fire Information System,EFFIS",,@gbvitrano,01-01-2018,2018-January,2018,Italia – Mappa news Incendi registrati nel 2018,http://u.osmfr.org/m/188138/
ATM Messina - GTFS,Mappa Trasporti pubblici ATM Messina - GTFS - Dicembre 2017,https://palermohub.opendatasicilia.it/egend/thumbs_index/atm_me.jpg,"Messina,ATM,GTFS,Bus,Tram,Fermate",Mobilità,Messina,https://palermohub.opendatasicilia.it/atm_me.html,"Comune di Messina,UNIME",,"@aborruso,@piersoft,@gbvitrano",24-12-2017,2017-December,2017,Mappa Trasporti pubblici ATM Messina - GTFS - Dicembre 2017,http://u.osmfr.org/m/187678/
P.A.I. Geomorfologia e Idraulica di Palermo – Qgis Cloud,P.A.I. Geomorfologia e Idraulica di Palermo – Qgis Cloud,https://palermohub.opendatasicilia.it/egend/thumbs_index/pai_qgis_cloud.jpg,"Ambiente,Pericolosità Geomofologicia,Rischio Geomofologico,Dissesti,Rischio Idraulico,Pericolosità Idraulica,Palermo",Strumenti Urbanistici,Palermo,https://palermohub.opendatasicilia.it/pai_qgis_cloud.html,Regione Sicilia,,"@aborruso,Tonino Corso,@gbvitrano ",22-12-2017,2017-December,2017,P.A.I. Geomorfologia e Idraulica di Palermo – Qgis Cloud,https://goo.gl/GAmnKS
Orto Botanico di Palermo,Aree interne all'Orto Botanico di Palermo,https://palermohub.opendatasicilia.it/egend/thumbs_index/orto_botanico.jpg,"Orto Botanico,Giardini,Piante,Alberi,Fiori","Natura,Ambiente,Cartografia",Palermo,https://palermohub.opendatasicilia.it/orto_botanico.html,Università di Palermo,,"@cirospat,Enrico Russo",13-12-2017,2017-December,2017,Aree interne all'Orto Botanico di Palermo,http://umap.openstreetmap.fr/it/map/orto-botanico-di-palermo_182521
Palermo 3D Maps WRLD,"WRLD è una piattaforma dinamica di mappatura 3D per edifici intelligenti, città, giochi, e esperienze virtuali. Fornisce un ambiente 3D completamente testurizzato che utilizza un sistema di coordinate globali in modo reale, quindi è pronto per essere utilizzato immediatamente.",https://palermohub.opendatasicilia.it/egend/thumbs_index/3d_wrld.jpg,3D,"Modellazione 3D,Cartografia",Palermo,https://palermohub.opendatasicilia.it/index_3d.html,Wrld3d,,@gbvitrano,08-12-2017,2017-December,2017,,
Mappa del Rischio idrogeologico,"Piano Stralcio di Bacino per l‘Assetto Idrogeologico (P.A.I.) Regione Sicilia - (Palermo), strumento fondamentale della politica di assetto territoriale delineata dalla legge 183/89, avviata in ogni regione la pianificazione di bacino, esso ne costituisce il primo stralcio tematico e funzionale.",https://palermohub.opendatasicilia.it/egend/thumbs_index/pericolosita_idro_geo.jpg,"Ambiente,Pericolosità Geomofologicia,Rischio Geomofologico,Dissesti,Rischio Idraulico,Pericolosità Idraulica,Palermo",Strumenti Urbanistici,Palermo,https://palermohub.opendatasicilia.it/rischio_idrogeologico.html#14/38.1185/13.3595,Regione Sicilia,,"@aborruso,Tonino Corso,@gbvitrano ",05-12-2017,2017-December,2017,,
Mappa della Pericolosità idrogeologica,"Piano Stralcio di Bacino per l‘Assetto Idrogeologico (P.A.I.) Regione Sicilia - (Palermo), strumento fondamentale della politica di assetto territoriale delineata dalla legge 183/89, avviata in ogni regione la pianificazione di bacino, esso ne costituisce il primo stralcio tematico e funzionale.",https://palermohub.opendatasicilia.it/egend/thumbs_index/rischio_idrogeo.jpg,"Ambiente,Pericolosità Geomofologicia,Rischio Geomofologico,Dissesti,Rischio Idraulico,Pericolosità Idraulica,Palermo",Strumenti Urbanistici,Palermo,https://palermohub.opendatasicilia.it/pericolosit%C3%A0_idrogeologica.html#14/38.1185/13.3595,Regione Sicilia,,"@aborruso,Tonino Corso,@gbvitrano ",04-12-2017,2017-December,2017,,
Mappa delle Pericolosità e Rischio Idraulico per fenomeni di esondazione,"Piano Stralcio di Bacino per l‘Assetto Idrogeologico (P.A.I.) Regione Sicilia - (Palermo), strumento fondamentale della politica di assetto territoriale delineata dalla legge 183/89, avviata in ogni regione la pianificazione di bacino, esso ne costituisce il primo stralcio tematico e funzionale.",https://palermohub.opendatasicilia.it/egend/thumbs_index/pericolo_rischio_idra.jpg,"Ambiente,Pericolosità Geomofologicia,Rischio Geomofologico,Dissesti,Rischio Idraulico,Pericolosità Idraulica,Palermo",Strumenti Urbanistici,Palermo,https://palermohub.opendatasicilia.it/idraulica.html#14/38.1185/13.3595,Regione Sicilia,,"@aborruso,Tonino Corso,@gbvitrano ",03-12-2017,2017-December,2017,,
Mappa dei Dissesti,"Piano Stralcio di Bacino per l‘Assetto Idrogeologico (P.A.I.) Regione Sicilia - (Palermo), strumento fondamentale della politica di assetto territoriale delineata dalla legge 183/89, avviata in ogni regione la pianificazione di bacino, esso ne costituisce il primo stralcio tematico e funzionale.",https://palermohub.opendatasicilia.it/egend/thumbs_index/dissesti.jpg,"Ambiente,Pericolosità Geomofologica,Rischio Geomofologico,Dissesti,Rischio Idraulico,Pericolosità Idraulica,Palermo",Strumenti Urbanistici,Palermo,https://palermohub.opendatasicilia.it/dissesti.html#14/38.1185/13.3595,Regione Sicilia,,"@aborruso,Tonino Corso,@gbvitrano ",02-12-2017,2017-December,2017,,
Mappa delle Pericolosità e del Rischio Geomorfologica,"Piano Stralcio di Bacino per l‘Assetto Idrogeologico (P.A.I.) Regione Sicilia - (Palermo), strumento fondamentale della politica di assetto territoriale delineata dalla legge 183/89, avviata in ogni regione la pianificazione di bacino, esso ne costituisce il primo stralcio tematico e funzionale.",https://palermohub.opendatasicilia.it/egend/thumbs_index/index_pai.jpg,"Ambiente,Pericolosità Geomofologicia,Rischio Geomofologico,Dissesti,Rischio Idraulico,Pericolosità Idraulica,Palermo",Strumenti Urbanistici,Palermo,https://palermohub.opendatasicilia.it/index_pai.html#14/38.1185/13.3595,Regione Sicilia,,"@aborruso,Tonino Corso,@gbvitrano ",01-12-2017,2017-December,2017,,
Cartografia e Ortofoto di base,Carta Tecnica Regionale 10K (C.T.R.)  e Ortofoto ATA 2012 2013 Palermo 14 cm,https://palermohub.opendatasicilia.it/egend/thumbs_index/cartografia.jpg,"CTR,Palermo,Ortofoto,Cartografia",Cartografia,Palermo,https://palermohub.opendatasicilia.it/cartografia.html#14/38.1185/13.3595,Regione Sicilia,,"@aborruso,@totofiandaca,@gbvitrano",01-12-2017,2017-December,2017,Ortofoto 14 centimetri,http://siciliahub.github.io/mappe/14centimetri/#7/37.514/14.040
Spazi Palermo capitale italiana Cultura 2018,Spazi Culturali comunali di Palermo per capitale italiana Cultura 2018,https://palermohub.opendatasicilia.it/egend/thumbs_index/cultura_2018.jpg,Cultura,Cultura,Palermo,https://palermohub.opendatasicilia.it/pa_capitale_cultura_2018.html,Comune di Palermo,,@cirospat,16-10-2017,2017-October,2017,Spazi Culturali comunali di Palermo per capitale italiana Cultura 2018,http://umap.openstreetmap.fr/it/map/spazi-Culturali-comunali-di-palermo-per-capitale-i_120532#14/38.1191/13.3709
Italia - Mappa Fire News 2012 - 2017 ,La mappa delle notizie relative agli Incendi avvenuti in Italia dal 2012 al 2017.,https://palermohub.opendatasicilia.it/egend/thumbs_index/news_incendi_2012_17.jpg,"Incendi,News,EFFIS,Pericolo","Emergenze,Ambiente,Incendi",Italia,https://palermohub.opendatasicilia.it/news_incendi_2012_17.html,"European Forest Fire Information System,EFFIS",,@gbvitrano,20-09-2017,2017-September,2017,Italia - Mappa Fire News 2012 - 2017 ,http://u.osmfr.org/m/165023/
#FoiaeFiamme - Richiesta di accesso civico -,"La mappa permette a chiunque di compilare, in modo semplice e immediato, una richiesta di accesso civico con la quale chiedere ad un Comune il catasto delle terre bruciate",https://palermohub.opendatasicilia.it/egend/thumbs_index/comuniafuoco.jpg,"Incendi,News,EFFIS,Accesso Civico,#Foiaefiamme,Pericolo","Emergenze,Ambiente,Incendi",Italia,https://palermohub.opendatasicilia.it/comuniafuoco.html,"European Forest Fire Information System,EFFIS",,"@aborruso,@cristigalas,@giuragu,@gbvitrano",10-09-2017,2017-September,2017,Comuni a fuoco. Una mappa per la campagna #FoiaeFiamme,https://italiaafuoco.info/2017-09-05-comuni-a-fuoco-foia-e-fiamme/
Italia incendi boschivi dal 2009 a maggio 2016,"Nel periodo 2009 - 2016 in Italia un ettaro di superficie su tre è andato in fumo in Sicilia, un ettaro su cinque in Sardegna. In totale due terzi degli incendi italiani ha interessato le isole maggiori e la Calabria. Sempre nelle isole maggiori gli incendi più devastanti....",https://palermohub.opendatasicilia.it/egend/thumbs_index/numero_incendi_italia.jpg,"Incendi,Dati alle fiamme,Italia a Fuoco","Emergenze,Ambiente,Incendi",Italia,https://palermohub.opendatasicilia.it/numero_incendi_italia.html,"Ex Corpo Forestale, oggi Carabinieri",,"@aborruso,@giuragu,@gbvitrano",02-09-2017,2017-September,2017,Italia incendi boschivi dal 2009 a maggio 2016,https://goo.gl/BExQxh
Sicilia - censimento aree incendi dal 2010 a maggio 2016 - Dati parziali,Il caso Sicilia - Censimento aree incendi dal 2010 a maggio 2016 - Dati parziali,https://palermohub.opendatasicilia.it/egend/thumbs_index/incendi_sicilia_aree.jpg,"Incendi,Sicilia,Censimento,Dati alle fiamme,Pericolo","Emergenze,Ambiente,Incendi",Sicilia,https://palermohub.opendatasicilia.it/incendi_sicilia_aree.html,"SIF - Sistema Informativo Forestale Regione Siciliana,Regione Sicilia",,"@aborruso,@giuragu,@gbvitrano",02-09-2017,2017-September,2017,Censimento aree incendi dal 2010 a maggio 2016 - Dati parziali,https://goo.gl/yF1BMY
Location di Film girati in Sicilia,"Location di Film girati in Sicilia, da un lavoro di VisitSicily.info, catalogo di Film in progress",https://palermohub.opendatasicilia.it/egend/thumbs_index/location_film.jpg,Film,Cultura,Sicilia,https://palermohub.opendatasicilia.it/location_film.html,Visit Sicily Regione Sicilia,,"@cirospat,Renato Alongi",24-08-2017,2017-August,2017,"Location di Film girati in Sicilia, da un lavoro di VisitSicily.info, catalogo di Film in progress",http://umap.openstreetmap.fr/it/map/Film-in-sicilia_176007
Aree di Emergenza - Protezione Civile - Regione Sicilia,"Censimento delle aree di emergenza ai fini della pianificazione di Protezione Civile (Aree di attesa della popolazione, Aree di accoglienza o di ricovero della popolazione e Aree di ammassamento soccorritori e Risorse) dei Comuni delle Provincia di Catania, Enna, Messina, Ragusa e del Comune di Palermo.",https://palermohub.opendatasicilia.it/egend/thumbs_index/piano_pc.jpg,Protezione Civile,"Emergenze, Protezione Civile","Catania,Enna,Messina,Ragusa,Palermo",https://palermohub.opendatasicilia.it/piano_prot_civ.html#12/38.1335/13.3193,"Regione Sicilia,Comune di Palermo",,@gbvitrano,01-08-2017,2017-August,2017,,
Sicila a fuoco - 2017 - EMSR213: Forest Fire in Southern Italy ,"Gli incendi in Sicilia, una situazione drammatica vista da COPERNICUS - Emergency Management Service - EMSR213: Forest Fire in Southern Italy 
",https://palermohub.opendatasicilia.it/egend/thumbs_index/index_incendi_sicilia.jpg,"Incendi,Sicilia,Censimento,Dati alle fiamme,Modelli 3D,Modellazione 3D,Pericolo","Emergenze,Ambiente,Incendi",Sicilia,https://palermohub.opendatasicilia.it/index_incendi_sicilia.html,"European Forest Fire Information System,EFFIS",,@gbvitrano,03-07-2017,2017-July,2017,Mappa incendi Sicilia con i dati EFFIS -  COPERNICUS - Emergency Management Service,https://goo.gl/Nmw6p8
Pericolosità sismica - Sicilia,Pericolosità sismica di riferimento per il Territorio nazionale ,https://palermohub.opendatasicilia.it/egend/thumbs_index/peric_sismica.jpg,"Ambiente,Sisma,Prevenzione",Ambiente,Italia,https://palermohub.opendatasicilia.it/peric_sismica.html#9/37.5313/14.0353,"ISTAT, INGV",,@gbvitrano,01-07-2017,2017-July,2017,,
Contenitori di oli esausti vegetali a Palermo,Dislocazione dei contenitori di oli esausti vegetali a Palermo,https://palermohub.opendatasicilia.it/egend/thumbs_index/contenitori_olio.jpg,"Olii,Riciclo,Rifiuti","Ambiente,Rifiuti,Riciclo",Palermo,https://palermohub.opendatasicilia.it/contenitori_olio.html,Comune di Palermo,,@cirospat,14-06-2017,2017-June,2017,Dislocazione dei contenitori di oli esausti vegetali a Palermo,http://umap.openstreetmap.fr/it/map/dislocazione-dei-contenitori-di-oli-esausti-vegeta_185725
Qgis Feature 2.5D Renderer Modello digitale del terreno di Palermo,Test Qgis Feature 2.5D Renderer Modello digitale sugli edifici del centro storico di Palermo,https://palermohub.opendatasicilia.it/egend/thumbs_index/renderer_2_5D.jpg,"Palermo,Modella 3D, Modellazione 3D, Territorio,Curve di livello,DEM,Modello digitale del terreno,DTM,Qgis,Render2.5D",Modellazione 3D,Palermo,https://palermohub.opendatasicilia.it/renderer_2_5D.html,"Comune di Palermo,Regione Sicilia",,@gbvitrano,22-05-2017,2017-May,2017,Modello digitale del terreno di Palermo e unità volumetriche,https://goo.gl/D86EBw
Modello digitale del terreno di Palermo,Modello digitale del terreno #DTM – del territorio di Palermo,https://palermohub.opendatasicilia.it/egend/thumbs_index/dem_palermo.jpg,"Palermo,Modella 3D, Modellazione 3D, Territorio,Curve di livello,DEM,Modello digitale del terreno,DTM",Modellazione 3D,Palermo,https://palermohub.opendatasicilia.it/dem_palermo.html,Regione Sicilia,,@gbvitrano,21-05-2017,2017-May,2017,Modello digitale del terreno di Palermo,https://gbvitrano.it/qgis/dem_palermo/
Atlante delle Carte Tecniche storiche,"Osservare il cambiamento di una città grazie alla cartografia... Rispetto alla mappa pubblicata ad Aprile 2017, è stata aggiunta una nuova carta tecnica ed è stato migliorato il passaggio da una carta all'altra, mantenendo posizione e zoom",https://palermohub.opendatasicilia.it/egend/thumbs_index/atlante.jpg,"Atlante,Cartografie Storiche,Palermo",Cartografia,Palermo,https://palermohub.opendatasicilia.it/index_atlante.html,Comune di Palermo,PalermoHub,"@aborruso,@piersoft,@cirospat,@gbvitrano",17-05-2017,2017-May,2017,,
Protezione Civile - Campagna AntIncendio Boschivo 2017 ,"Nella mappa è riportata la localizzazione delle basi operative con Elicotteri e mezzi aerei disponibili per la Campagna AntIncendio Boschivo 2017 della Protezione Civile e le basi aeree messe a disposizione dalle Regioni.
I mezzi della flotta aerea dello Stato sono coordinati dal Coau - Centro Operativo Aereo Unificato del Dipartimento della Protezione Civile.",https://palermohub.opendatasicilia.it/egend/thumbs_index/campagna_antinc.jpg,"Mezzi di soccorso,Incendi,Elicotteri,Vigili del Fuoco,Emergenze",Emergenze,Italia,https://palermohub.opendatasicilia.it/campagna_antinc.html,Protezione Civile.,,@gbvitrano,10-05-2017,2017-May,2017,Protezione Civile - Campagna AntIncendio Boschivo 2017 ,http://u.osmfr.org/m/159107/
Palermo – Elezioni Amministrative 2017 – Affluenza per seggio elettorale,"Nella mappa sono localizzati i seggi elettorali per le elezioni amministrative 2017, con l’indicazione del nome della scuola, l’indirizzo e la possibilità di accesso per i portatori di disabilità motorie. Inoltre sono riportati il numero degli elettori e l’affluenza nei vari seggi.",https://palermohub.opendatasicilia.it/egend/thumbs_index/amministrative_2017_affluenza.jpg,"Elezioni Amministrative,Elezioni Politiche,Elezioni Regionli,Referendum",Elezioni Amministrative,Palermo,https://palermohub.opendatasicilia.it/amministrative_2017_affluenza.html,Comune di Palermo,,"@aborruso,@cirospat,@gbvitrano",09-05-2017,2017-May,2017,Palermo – Elezioni Amministrative 2017 – Affluenza per seggio elettorale,http://u.osmfr.org/m/152125/
Palermo – Elezioni Amministrative 2017 – Voti ai candidati sindaco aggregati per scuola,"Nella mappa sono localizzati i seggi elettorali per le elezioni amministrative 2017, con l’indicazione del nome della scuola, l’indirizzo e la possibilità di accesso per i portatori di disabilità motorie. Inoltre sono riportati i voti ai candidati sindaco per sezione.",https://palermohub.opendatasicilia.it/egend/thumbs_index/amministrative_2017_voti_sindaco.jpg,"Elezioni Amministrative,Elezioni Politiche,Elezioni Regionli,Referendum",Elezioni Amministrative,Palermo,https://palermohub.opendatasicilia.it/amministrative_2017_voti_sindaco.html,Comune di Palermo,,"@aborruso,@cirospat,@gbvitrano",08-05-2017,2017-May,2017,Palermo – Elezioni Amministrative 2017 – Voti ai candidati sindaco aggregati per scuola,http://u.osmfr.org/m/152415/
Palermo – Controlli amianto 2016-2017 – Polizia Municipale,"Nella mappa è riportato il dataset  degli interventi effettuati relativi alla presenza di amianto nel territorio comunale di Palermo, dalla Polizia Municipale nel 2016 e 2017",https://palermohub.opendatasicilia.it/egend/thumbs_index/controlli_amianto_16_17.jpg,"Ambiente,Controlli,Aminato,Rifiuti,Controllo Territorio",Ambiente,Palermo,https://palermohub.opendatasicilia.it/controlli_amianto_16_17.html,Comune di Palermo,,@gbvitrano,06-05-2017,2017-May,2017,Palermo - Controlli amianto 2016-2017 ,http://u.osmfr.org/m/153078/
Italia - Mappa news Incendi registrati nel 2017,La mappa delle notizie relative agli Incendi avvenuti nel nostro paese nel 2017.,https://palermohub.opendatasicilia.it/egend/thumbs_index/news_incendi_2017.jpg,"Incendi,News,EFFIS,Pericolo","Emergenze,Ambiente,Incendi",Italia,https://palermohub.opendatasicilia.it/news_incendi_2017.html,"European Forest Fire Information System,EFFIS",,@gbvitrano,05-05-2017,2017-May,2017,Italia – Mappa news Incendi registrati nel 2017,http://u.osmfr.org/m/158685/
Mappa del ferro - Palermo [Maggio 2017],"Nella mappa sono riportate le infrastrutture su rotaia del trasporto pubblico di massa  in esercizio, in corso di realizzazione e in fase di progettazione a Palermo",https://palermohub.opendatasicilia.it/egend/thumbs_index/mappa_ferro.jpg,"Tram,Amat,Parcheggi,Pubblici,Interscambio,Metrò,Bike,Sharing,GTFS,Orari Bus,Orari Tram,GTFS",Mobilità,Palermo,https://palermohub.opendatasicilia.it/mappa_ferro.html,Comune di Palermo,,"@cirospat,@gbvitrano",03-05-2017,2017-May,2017,Mappa del ferro - Palermo [Maggio 2017],http://u.osmfr.org/m/143534/
Strumenti urbanistici di attuazione,Variente Generle l P.R.G. - Zonizzazione e vincoli sul Territorio adeguati ai D. Dir 558 e 124/DRU/02 di approvazione - Luglio 2003 - Presa D'atto Delibera 7/2004 e Piano Particolareggiato Esecutivo del centro storico,https://palermohub.opendatasicilia.it/egend/thumbs_index/prg.jpg,"Variante Generale,PRG,PPE,Centro Storico,Palermo,Controllo del territorio,Governo del territorio,Zonizzazione,Pianp Particolareggiato",Strumenti Urbanistici,Palermo,https://palermohub.opendatasicilia.it/index_prg.html#14/38.1185/13.3595,Comune di Palermo,,"@aborruso,@gbvitrano",01-05-2017,2017-May,2017,Piano Regolatore di Palermo,http://blog.spaziogis.it/static/palermo_prg/#14/38.1114/13.3571
Cambia-menti 2025,Cambia-menti…#Palermo…Variante Generale PRG 2004 vs Schema di massima del PRG 2025,https://palermohub.opendatasicilia.it/egend/thumbs_index/cambia-menti.jpg,"Variante Generale,PRG,PPE,Centro Storico,Palermo,Controllo del territorio,Governo del territorio,Zonizzazione,Pianp Particolareggiato",Strumenti Urbanistici,Palermo,https://palermohub.opendatasicilia.it/cambia-menti.html,Comune di Palermo,,"@cirospat,@gbvitrano",22-04-2017,2017-April,2017,Cambia-menti,https://goo.gl/oUXq1D
Studio Vulnerabilità sismica degli edifici residenziali di Palermo - Mappa 3D,E’ una mappatura di base della vulnerabilità sismica degli edifici residenziali di due aree campione della città. La vulnerabilità sismica rappresenta una misura della maggiore o minore capacità degli edifici di resistere ad azioni sismiche (terremoti di prefissata entità) ,https://palermohub.opendatasicilia.it/egend/thumbs_index/vulnerabilità_sismica_3D.jpg,"Territorio,Sisma,Vulnerabilità,Edifici",Modellazione 3D,Palermo,https://palermohub.opendatasicilia.it/vulnerabilità_sismica_3D.html,"Comune di Palermo,ISTAT,Regione Sicilia",,"@aborruso,@carbone_letizia,@cirospat,@gbvitrano",20-04-2017,2017-April,2017,Studio Vulnerabilità sismica degli edifici residenziali di Palermo - Mappa 3D,https://goo.gl/Y5Q7Yu
Mappa del pendolarismo da e per Palermo – Istat 2011,Mappa del pendolarismo da e per Palermo – Istat 2011,https://palermohub.opendatasicilia.it/egend/thumbs_index/pendolarismo.jpg,"Mobilità,Pendolarismo,Bus,Mezzo proprio,Lavoro,Studio,Istat",Mobilità,"Sicilia,Palermo",https://palermohub.opendatasicilia.it/pendolarismo.html,ISTAT,,"@cirospat,@gbvitrano",05-04-2017,2017-April,2017,Mappa del pendolarismo da e per Palermo – Istat 2011,http://u.osmfr.org/m/131321/
Servizio taxi sharing - Palermo,Servizio taxi sharing - Palermo,https://palermohub.opendatasicilia.it/egend/thumbs_index/taxi_sharing.jpg,"Ambiente,Mobilità,Taxi,Sharing",Mobilità,Palermo,https://palermohub.opendatasicilia.it/taxi_sharing.html,Comune di Palermo,,"@cirospat,@gbvitrano",05-04-2017,2017-April,2017,Servizio taxi sharing - Palermo,http://u.osmfr.org/m/118288/
Studio sulla vulnerabilità sismica degli edifici residenziali di Palermo,E’ una mappatura di base della vulnerabilità sismica degli edifici residenziali di due aree campione della città. La vulnerabilità sismica rappresenta una misura della maggiore o minore capacità degli edifici di resistere ad azioni sismiche (terremoti di prefissata entità) ,https://palermohub.opendatasicilia.it/egend/thumbs_index/vulnerabilità_sismica.jpg,"Territorio,Sisma,Vulnerabilità,Edifici",Strumenti Urbanistici,Palermo,https://palermohub.opendatasicilia.it/vulnerabilità_sismica.html,"Comune di Palermo,ISTAT",,"@aborruso,@carbone_letizia,@cirospat,@gbvitrano",04-04-2017,2017-April,2017,Vulnerabilità sismica degli edifici residenziali di Palermo,http://u.osmfr.org/m/129514/
Mappa rimozione di cemento amianto,Rielaborazione rimozione di cemento amianto negli spazi pubblici comunali dal 2010 al 2016,https://palermohub.opendatasicilia.it/egend/thumbs_index/amianto.jpg,"Ambiente,Decoro Urbano","Ambiente,Rifiuti,Riciclo",Palermo,https://palermohub.opendatasicilia.it/2016_rim_ami.html#12/38.1377/13.3477,Comune di Palermo,,"@cirospat,@gbvitrano",01-04-2017,2017-April,2017,,
Pericolosità sismica del Territorio d'Italia e principali dighe italiane,Pericolosità sismica del Territorio d'Italia e principali dighe italiane,https://palermohub.opendatasicilia.it/egend/thumbs_index/dighe_ciro.jpg,"Ambiente,Sisma,Prevenzione,Dighe",Ambiente,Italia,https://palermohub.opendatasicilia.it/dighe_ciro.html,"INGV,Registro italiano delle dighe",,"@aborruso,@cirospat,@gbvitrano",13-03-2017,2017-March,2017,Pericolosità sismica del Territorio d'Italia e principali dighe italiane,http://umap.openstreetmap.fr/it/map/mappa-di-pericolosita-sismica-del-Territorio-dital_133805#6/42.115/13.403
Italia – Qualità delle acque di balneazione nel 2016,"Oltre l’85% dei siti di balneazione monitorati in tutta Europa nel 2016 soddisfa i requisiti più rigorosi per fregiarsi della qualifica di “eccellente”, il che significa che sono per lo più esenti da inquinanti pericolosi per la salute umana e l’ambiente, secondo la relazione annuale sulla qualità delle acque di balneazione pubblicata oggi",https://palermohub.opendatasicilia.it/egend/thumbs_index/balneazione_2016.jpg,"Ambiente,Mare,Spiagge",Ambiente,Italia,https://palermohub.opendatasicilia.it/balneazione_2016.html, EEA - Bathing Water Directive - Status of bathing water ,,@gbvitrano,06-03-2017,2017-March,2017,Italia - Qualità delle acque di balneazione nel 2016,http://u.osmfr.org/m/157411/
Risorse Naturali Palermo,Palermo: tipologia delle Risorse Naturali,https://palermohub.opendatasicilia.it/egend/thumbs_index/risorse_naturali.jpg,"Natura,Risorse","Ambiente,Strumenti Urbanistici",Palermo,https://palermohub.opendatasicilia.it/risorse_naturali.html,Comune di Palermo,,@cirospat,05-03-2017,2017-March,2017,Palermo: tipologia delle Risorse Naturali,http://umap.openstreetmap.fr/it/map/palermo-tipologia-delle-Risorse-Naturali_182120#12/38.1344/13.3899
Palermo Differenzia 2,Pianificazione Particolareggiata all'interno dell’Ambito Ottimale “Palermo Area Metropolitana” della raccolta differenziata,https://palermohub.opendatasicilia.it/egend/thumbs_index/differenzia_2.jpg,"Rifiuti,","Ambiente,Rifiuti,Riciclo",Palermo,https://palermohub.opendatasicilia.it/differenzia_2.html,Comune di Palermo,,@cirospat,04-03-2017,2017-March,2017,Palermo Differenzia 2,http://umap.openstreetmap.fr/it/map/palermo-differenzia-2_90304#13/38.1304/13.3988
Segnalazioni incidenti  real time del Comando Polizia Municipale di Palermo da Novembre 2016,Segnalazioni incidenti  real time del Comando Polizia Municipale di Palermo da Novembre 2016,https://palermohub.opendatasicilia.it/egend/thumbs_index/incidenti_real_time.jpg,"Mobilità,Incidenti,RealTime",Mobilità,Palermo,https://palermohub.opendatasicilia.it/incidenti_real_time.html,Comune di Palermo,,"@aborruso,@cirospat,@gbvitrano",04-03-2017,2017-March,2017,Segnalazioni incidenti  real time del Comando Polizia Municipale di Palermo da Novembre 2016,http://u.osmfr.org/m/114265/
Mappa dinamica - Realizzata da Guenter Richter,Mappa dinamica - Realizzata da Guenter Richter con il progetto IXMAPS,https://palermohub.opendatasicilia.it/egend/thumbs_index/mappadinamica_16.jpg,"Palermo,Polizia Municipale,Incidenti,Sinistri",Mobilità,Palermo,https://projects.ixmaps.com.s3-website-eu-west-1.amazonaws.com/Palermo_Incidenti/app/Palermo_Incidenti/index_2016_full.html,Comune di Palermo,,@grichter,03-03-2017,2017-March,2017,Palermo Incidenti 2016,http://projects.ixmaps.com.s3-website-eu-west-1.amazonaws.com/Palermo_Incidenti/app/Palermo_Incidenti/index_2016_full.html
"Sezione censuarie - ISTAT 2011, Unità di primo livello (UPL), Quartieri e Circoscrizioni di Palermo","Nella mappa è rappresentata la suddivisione del territorio di Palermo, dalle sezione censuarie - ISTAT 2011, alle Unità di primo livello (UPL), dai Quartieri alle Circoscrizioni, estratti dal dataset ISTAT Basi territoriali e variabili censuarie - Censimento 2011
",https://palermohub.opendatasicilia.it/egend/thumbs_index/circoscrizioni.jpg,"Territorio,Quartieri,Confine comunale",Strumenti Urbanistici,Palermo,https://palermohub.opendatasicilia.it/circoscrizioni.html,ISTAT,,@gbvitrano,03-03-2017,2017-March,2017,Circoscrizioni Palermo - Censimento ISTAT 2011,http://u.osmfr.org/m/113434/
Uffici della Motorizzazione e Officine Autorizzate alla revisione,Uffici della Motorizzazione e Officine Autorizzate alla revisione - Marzo 2017,https://palermohub.opendatasicilia.it/egend/thumbs_index/motor_off_autor.jpg,"Mobilità,Motorizzazione,Officine autorizzate, Uffici Motorizzazione",Mobilità,Italia,https://palermohub.opendatasicilia.it/motor_off_autor.html,"dati.mit.gov.it,Uffici della Motorizzazione",,@gbvitrano,03-03-2017,2017-March,2017,Uffici della Motorizzazione e Officine Autorizzate alle revisioni [Marzo 2017],http://u.osmfr.org/m/149295/
Avvisi real time del Comando Polizia Municipale di Palermo,"Avvisi real time del Comando Polizia Municipale di Palermo su traffico, incidenti, manifestazioni, lavori in corso;",https://palermohub.opendatasicilia.it/egend/thumbs_index/avvisi_real_time.jpg,"Mobilità,Incidenti,Manifestazioni,Avvisi,RealTime,Lavori in corso,",Mobilità,Palermo,https://palermohub.opendatasicilia.it/avvisi_real_time.html,Comune di Palermo,,"@aborruso,@cirospat,@gbvitrano",03-03-2017,2017-March,2017,Avvisi real time del Comando Polizia Municipale di Palermo,http://u.osmfr.org/m/114101/
Sinistri stradali rilevati nel Territorio comunale di Palermo nell'anno 2016 - Leaflet,"Incidenti rilevati dalla Polizia Municipale di Palermo - Leaflet
(tot. incidenti 3577)",https://palermohub.opendatasicilia.it/egend/thumbs_index/index_sinistri_2016.jpg,"Palermo,Polizia Municipale,Incidenti,Sinistri",Mobilità,Palermo,https://palermohub.opendatasicilia.it/index_sinistri_2016.html,Comune di Palermo,,@gbvitrano,02-03-2017,2017-March,2017,Palermo Sinistri stradali 2016,http://siciliahub.github.io/mappe/sinistri_2016/index.html
Sinistri stradali rilevati nel Territorio comunale di Palermo nell'anno 2016 - Umap,Incidenti rilevati dalla Polizia Municipale di Palermo - Umap (tot. incidenti 3577),https://palermohub.opendatasicilia.it/egend/thumbs_index/sinistri_16.jpg,"Palermo,Polizia Municipale,Incidenti,Sinistri,",Mobilità,Palermo,https://palermohub.opendatasicilia.it/sinistri_16.html,Comune di Palermo,,@gbvitrano,02-03-2017,2017-March,2017,Palermo Sinistri stradali 2016,http://u.osmfr.org/m/135050/
La Domenica Favorita,"5 Domeniche di apertura de ""La Domenica Favorita"":26 Marzo, 9 e 23 Aprile; 7 e 21 Maggio 2017 - Un iniziativa del Comitato ""La Domenica Favorita"" in collaborazione con il Comune di Palermo",https://palermohub.opendatasicilia.it/egend/thumbs_index/favorita.jpg,"Cultura,Turismo,Palermo,Parco della Favorita,Bike,Sentieri,Percorsi,Aree sport, Area gioco,Edifici storici","Cultura,Turismo",Palermo,https://palermohub.opendatasicilia.it/domenica_all_favorita.html,ladomenicafavorita.com,,"@cirospat,@gbvitrano",01-03-2017,2017-March,2017,Locandina in formato PDF,http://www.ladomenicafavorita.com/wp-content/uploads/2016/11/Mappa-Fruizione.pdf
Sicily Events,"Il riuso della Rassegna di eventi pubblicata a cura dell'Assessorato turismo, sport,spettacolo della Regione Siciliana  ",https://palermohub.opendatasicilia.it/egend/thumbs_index/sicily_events.jpg,"Eventi Sicilia,Teatro,Musica,Spettacolo,Musei,Cinema,Musica,Sagra,Religione,Feste,Fotografia,",Cultura,Sicilia,https://palermohub.opendatasicilia.it/sicily_events.html,Regione Sicilia,,@aborruso,05-02-2017,2017-February,2017,Sicily Events,https://siciliahub.github.io/sicilyevents/
Le maggiori dighe d'Italia e aree di pericolosita sismica,Mappa per Magzine - progetto della Scuola di giornalismo dell’Università Cattolica del Sacro Cuore di Milano - Le grandi dighe e il rischio sismico in Italia a cura di Antonio Di Francesco e Ilaria Mauri,https://palermohub.opendatasicilia.it/egend/thumbs_index/dighe_gianni.jpg,"Ambiente,Sisma,Prevenzione,Dighe",Ambiente,Italia,https://palermohub.opendatasicilia.it/dighe_gianni.html,"IGNV,Registro italiano delle dighe,ProgettoDighe",,"@aborruso,@cirospat,@gbvitrano",02-02-2017,2017-February,2017,Le maggiori dighe d'Italia e aree di pericolosita sismica,http://u.osmfr.org/m/125161/
"Siccità, turnazione idrica per alcune zone della città di Palermo","Siccità, turnazione idrica per alcune zone della città di Palermo",https://palermohub.opendatasicilia.it/egend/thumbs_index/siccita.jpg,"Ambiente,Turnazione idrica,Siccità",Ambiente,Palermo,https://palermohub.opendatasicilia.it/siccita.html,"AMAP SpA,Comune di Palermo",,"@cirospat,@gbvitrano",08-01-2017,2017-January,2017,Palermo #siccità. Turnazione idrica per alcune zone da gen 2017,u.osmfr.org/m/119054/
Monumenti abbandonati,Mappa dei monumenti abbandonati e dimenticati di Palermo. Iniziativa proposta dall'associazione Palermo Indignata,https://palermohub.opendatasicilia.it/egend/thumbs_index/monumenti.jpg,"Cultura,Turismo,Palermo,Edifici storici","Cultura,Turismo",Palermo,https://palermohub.opendatasicilia.it/monumenti_abbandonati.html,"gruppi facebook ""Palermo Indignata"" e ""I Monumenti Abbandonati di Palermo""",,Giuseppe Mazzola per associazione Palermo Indignata,01-01-2017,2017-January,2017,Gruppo facebook I Monumenti Abbandonati di Palermo,https://www.google.com/maps/d/u/0/viewer?mid=1bMWf6Rj1KqtfNgIYR_0KSanDQIU&ll=38.13930351634314%2C13.38492020000001&z=12
Trasporti pubblici Palermo,"Mappa con fermate, linee e orari dei Bus e Tram di Palermo - Amat spa. 
Map e turorial by @piersoft. GTFS Lic. CC-BY 
Db SpatiaLite e Query utili di @aborruso - OpenData Comune di Palermo",https://palermohub.opendatasicilia.it/egend/thumbs_index/trasporti_pa.jpg,"Tram,Amat,Parcheggi,Pubblici,Interscambio,Metrò,Bike,Sharing,GTFS,Orari Bus,Orari Tram,GTFS",Mobilità,Palermo,https://palermohub.opendatasicilia.it/trasporti_pa.html,Comune di Palermo,,"@aborruso,@piersoft,@gbvitrano",27-12-2016,2016-December,2016,Trasporti pubblici Palermo,http://gbvitrano.it/openamat/locator.php?lat=38.11571851603279&lon=13.3613491058349611
#Openamat,#Openamat - Trasporti pubblici - GTFS Palermo validi fino al 31 Dic 2016,https://palermohub.opendatasicilia.it/egend/thumbs_index/amat_pa.jpg,"ZTL,Palermo,Centro Storico,Parcheggi,Tram,Amat,Sportelli Amat,Parcheggi,Pubblici,Interscambio,Metrò,Bike,Sharing,GTFS",Mobilità,Palermo,https://palermohub.opendatasicilia.it/amat_pa.html,Comune di Palermo,,"@aborruso,@piersoft,@cirospat,@gbvitrano",27-12-2016,2016-December,2016,#Openamat - Trasporti pubblici - GTFS Palermo validi fino al 31 Dic 2016,http://u.osmfr.org/m/104623/
Referendum Costituzionale 4 Dicembre 2016 – Dati Palermo,Referendum Costituzionale 4 Dicembre 2016 – Dati Palermo,https://palermohub.opendatasicilia.it/egend/thumbs_index/referendum_costituzionale.jpg,"Elezioni Amministrative,Elezioni Politiche,Elezioni Regionli,Referendum",Elezioni Amministrative,Palermo,https://palermohub.opendatasicilia.it/referendum_costituzionale.html,Comune di Palermo,,"@cirospat,@gbvitrano",04-12-2016,2016-December,2016,Referendum Costituzionale 4 Dicembre 2016 ,http://u.osmfr.org/m/116236/
Seggi elettorali di Palermo accessibili ai portatori di disabilità motorie,"""Gli elettori con capacità di deambulazione gravemente ridotta possono esercitare il diritto di voto in  una  qualsiasi sezione elettorale del Comune appositamente allestita, quando la sezione alla quale sono iscritti non è accessibile mediante sedia a ruote. È necessaria l’esibizione di documento di riconoscimento, della tessera elettorale, l’attestazione medica rilasciata, anche precedentemente e per altri scopi, dall’Azienda Sanitaria, o copia autentica della patente di guida speciale, purché dalla documentazione esibita risulti l’impossibilità o la capacità gravemente ridotta di deambulazione. Si sono individuate, segnalandone gli accessi con apposito simbolo, ed attrezzate le sezioni ubicate in locali ove le barriere architettoniche sono state eliminate""",https://palermohub.opendatasicilia.it/egend/thumbs_index/seggi_elettorali_palermo.jpg,"Elezioni Amministrative,Elezioni Politiche,Elezioni Regionli,Referendum",Elezioni Amministrative,Palermo,https://palermohub.opendatasicilia.it/seggi_elettorali_palermo.html,Comune di Palermo,,"@cirospat,@gbvitrano",01-12-2016,2016-December,2016,Seggi elettorali di Palermo accessibili ai portatori di disabilità motorie,https://umap.geonue.com/m/230/
Mappa stazioni di monitoraggio polveri sottili 2016 della Città di Palermo,"Qualità dell'aria del Comune di Palermo. La rete è costituita da 10 stazioni ubicate in vari punti rappresentativi della città, dotate di apparecchiature per il controllo continuo dell’inquinamento atmosferico ed acustico.",https://palermohub.opendatasicilia.it/egend/thumbs_index/polveri_sottili.jpg,"Ambiente,Inquinamento,Polveri sottili,PM10,Controllo Territorio,Monitoraggio",Ambiente,Palermo,https://palermohub.opendatasicilia.it/polveri_sottili.html,RAP - Risorse Amniente Palermo,,"@cirospat,@gbvitrano",08-10-2016,2016-October,2016,Mappa stazioni di monitoraggio polveri sottili 2016 della Città di Palermo,http://umap.geonue.com/m/170/
ZTL Centrale - Palermo - 2016,ZTL e servizi di mobilità urbana prossimi alla ZTL Centrale - Palermo - 2016,https://palermohub.opendatasicilia.it/egend/thumbs_index/ztl_pa.jpg,"ZTL,Palermo,Centro Storico,Parcheggi,Tram,Amat,Sportelli Amat,Parcheggi,Pubblici,Interscambio,Metrò,Bike,Sharing",Mobilità,Palermo,https://palermohub.opendatasicilia.it/ztl_pa.html,Comune di Palermo,,"@aborruso,@cirospat,@gbvitrano",09-09-2016,2016-September,2016,ZTL Centrale - Palermo - 2016,http://u.osmfr.org/m/102691/
TimeMapper delle Vie dei Tesori 2016 della Città di Palermo (TimeMapper),TimeMapper delle Vie dei Tesori 2016 della Città di Palermo (TimeMapper),https://palermohub.opendatasicilia.it/egend/thumbs_index/vie_dei_tesori_timemapper.jpg,"Le vie dei Tesori,Cultura,Turismo,Palermo,Edifici storici,Percorsi,Momumenti","Cultura,Turismo",Palermo,https://palermohub.opendatasicilia.it/vie_dei_tesori_timemapper.html,leviedeitesori.com,,@gbvitrano,08-09-2016,2016-September,2016,Le Vie dei Tesori Città di Palermo,https://www.google.com/maps/d/u/0/viewer?mid=1HIsv_CNHNEwf9UTPXwEp6vuNd70&ll=38.11517273320107%2C13.355205100000035&z=13
Rielaborazione della mappa le Vie dei Tesori Città di Palermo,Rielaborazione della mappa le Vie dei Tesori Città di Palermo,https://palermohub.opendatasicilia.it/egend/thumbs_index/vie_dei_tesori.jpg,"Le vie dei Tesori,Cultura,Turismo,Palermo,Edifici storici,Percorsi,Momumenti","Cultura,Turismo",Palermo,https://palermohub.opendatasicilia.it/vie_dei_tesori.html,leviedeitesori.com,,"@cirospat,@gbvitrano",07-09-2016,2016-September,2016,Le Vie dei Tesori Città di Palermo,https://www.google.com/maps/d/u/0/viewer?mid=1HIsv_CNHNEwf9UTPXwEp6vuNd70&ll=38.11517273320107%2C13.355205100000035&z=13
Divieti di balneazione a Palermo nel 2016,Divieti di balneazione permanente per la stagione estiva 2016 nel comune di Palermo,https://palermohub.opendatasicilia.it/egend/thumbs_index/divieti_baln.jpg,"Balneazione,Mare,Spiagge,Sole",Ambiente,Palermo,https://palermohub.opendatasicilia.it/divieti_baln.html,Comune di Palermo,,@cirospat,24-06-2016,2016-June,2016,Divieti di balneazione permanente per la stagione estiva 2016 nel comune di Palermo,https://www.google.com/maps/d/u/0/embed?mid=1FaQASqaGE-fY9HfHjSfMzLXKhVY
"Luoghi di interesse turistico, culturale, archelologico, artistico di Palermo","Luoghi di interesse turistico, culturale, archelologico, artistico di Palermo",https://palermohub.opendatasicilia.it/egend/thumbs_index/luoghi_interesse_turistico.jpg,"Cultura,Turismo,Palermo,Edifici storici,Percorsi,Momumenti","Cultura,Turismo",Palermo,https://palermohub.opendatasicilia.it/luoghi_interesse_turistico.html,Comune di Palermo,,"@piersoft,@gbvitrano",08-05-2016,2016-May,2016,"Luoghi di interesse turistico, culturale, archelologico, artistico di Palermo",http://u.osmfr.org/m/113551/
Abusi edilizi polizia municipale Palermo – aggiornato al 2015,Abusi edilizi polizia municipale Palermo – aggiornato al 2015,https://palermohub.opendatasicilia.it/egend/thumbs_index/abusi_edilizi_2015.jpg,"Ambiente,Controlli,Abusi edilizi,Controllo Territorio",Ambiente,Palermo,https://palermohub.opendatasicilia.it/abusi_edilizi_2015.html,Comune di Palermo,,@gbvitrano,07-05-2016,2016-May,2016,Abusi edilizi polizia municipale Palermo - aggiornato al 2015,http://u.osmfr.org/m/130502/
Inquinamento acustico Comune di Palermo,Mappa del livello di rumore giornaliero e notturno da traffico veicolare (Lden road e Lnight road),https://palermohub.opendatasicilia.it/egend/thumbs_index/arpa_Lden.jpg,"Arpa,Palermo,Inquinamento,Rumore,Lden road,Lnight road",Ambiente,Palermo,https://palermohub.opendatasicilia.it/arpa_Lden.html,Arpa Sicilia,,@gbvitrano,04-05-2016,2016-May,2016,Mappa del livello di rumore giornaliero da traffico veicolare (Lden) della Città di Palermo,https://goo.gl/SzSSXb
Aree di Abbandono incontrollato di rifiuti nel 2015,"Aree pubbliche/private di Abbandono incontrollato di R.S.U., rifiuti ingombranti, speciali o pericolosi a Palermo nel 2015",https://palermohub.opendatasicilia.it/egend/thumbs_index/abbandono.jpg,"Ambiente,Rifiuti,Controllo Territorio","Ambiente,Rifiuti,Riciclo",Palermo,https://palermohub.opendatasicilia.it/abbandono.html,Comune di Palermo,,@cirospat,09-03-2016,2016-March,2016,"Aree pubbliche/private di Abbandono incontrollato di R.S.U., rifiuti ingombranti, speciali o pericolosi a Palermo nel 2015",http://umap.openstreetmap.fr/it/map/palermo-aree-pubblicheprivate-oggetto-di-Abbandono_90499#12/38.1417/13.4081
Geositi della Provincia di Enna,Geositi della Provincia di Enna,https://palermohub.opendatasicilia.it/egend/thumbs_index/geositi_enna.jpg,"Ambiente,Geositi","Natura,Ambiente,Geologia",Enna,https://palermohub.opendatasicilia.it/geositi_enna.html,Provincia di Enna,,@cirospat,08-03-2016,2016-March,2016,Geositi della Provincia di Enna,http://umap.openstreetmap.fr/en/map/geositi-della-provincia-di-enna_98659#9/37.5609/14.7052
Stoccaggio rifiuti speciali a Palermo,Gestione e stoccaggio rifiuti speciali o pericolosi nel 2015 a Palermo,https://palermohub.opendatasicilia.it/egend/thumbs_index/gest_stoccaggio.jpg,"Ambiente,Rifiuti,Controllo Territorio","Ambiente,Rifiuti,Riciclo",Palermo,https://palermohub.opendatasicilia.it/gest_stoccaggio.html,Comune di Palermo,,@cirospat,08-03-2016,2016-March,2016,Gestione e stoccaggio rifiuti speciali o pericolosi nel 2015 a Palermo,http://umap.openstreetmap.fr/it/map/gestione-e-stoccaggio-rifiuti-speciali-eo-pericolo_90316
Inquinamento acustico a Palermo nel 2015,Interventi di Polizia Municipale per inquinamento acustico 2015 a Palermo,https://palermohub.opendatasicilia.it/egend/thumbs_index/inquinamento_acustico.jpg,"Controllo Territorio,Inquinamento acustico",Ambiente,Palermo,https://palermohub.opendatasicilia.it/inquinamento_acustico.html,Comune di Palermo,,@cirospat,07-03-2016,2016-March,2016,Interventi di Polizia Municipale per inquinamento acustico 2015 a Palermo,http://umap.openstreetmap.fr/it/map/palermo-pm-interventi-per-inquinamento-acustico-20_92459
Verbali nel 2015 per irregolare conferimento rifiuti a Palermo,Verbali elevati nel 2015 per irregolare conferimento rifiuti o raccolta differenziata a Palermo,https://palermohub.opendatasicilia.it/egend/thumbs_index/verbali.jpg,"Ambiente,Rifiuti,Controllo Territorio","Ambiente,Rifiuti,Riciclo",Palermo,https://palermohub.opendatasicilia.it/verbali.html,Comune di Palermo,,@cirospat,07-03-2016,2016-March,2016,Verbali elevati nel 2015 per irregolare conferimento rifiuti o raccolta differenziata a Palermo,http://umap.openstreetmap.fr/it/map/mappa-dei-verbali-elevati-2015-per-irregolare-conf_93623
Vittime di mafia a Palermo,Localizzazione dei siti con vittime di mafia a Palermo,https://palermohub.opendatasicilia.it/egend/thumbs_index/vittime_mafia.jpg,mafia,Illegalità,Palermo,https://palermohub.opendatasicilia.it/vittime_mafia.html,vittimemafia.it,,@cirospat,05-03-2016,2016-March,2016,Vittime di mafia,http://umap.openstreetmap.fr/it/map/mappa-delle-vittime-cadute-per-mafia-a-palermo_20793#12/38.1379/13.4013
Cassonetti per la raccolta degli indumenti usati a Palermo,Cassonetti della società RAP SpA per la raccolta degli indumenti usati a Palermo,https://palermohub.opendatasicilia.it/egend/thumbs_index/cassonetti_rap.jpg,"Riciclo,Indumenti,Abbandono","Ambiente,Rifiuti,Riciclo",Palermo,https://palermohub.opendatasicilia.it/cassonetti_rap.html,Comune di Palermo,,@cirospat,01-03-2016,2016-March,2016,Cassonetti della società RAP SpA per la raccolta degli indumenti usati a Palermo,http://umap.openstreetmap.fr/it/map/palermo-cassonetti-rap-raccolta-indumenti-usati_47859
Mappa calore dei beni confiscati alle criminalità in Italia,"Dati aggregati su base regionale, provinciale e comunale a partire da quelli ufficiali dell'ANBSC aggiornati al 31 dicembre 2015 sito dell'agenzia.",https://palermohub.opendatasicilia.it/egend/thumbs_index/beni_confiscati.jpg,"Beni confiscati,Beni immobili",Strumenti Urbanistici,Italia,https://palermohub.opendatasicilia.it/beni_confiscati.html,confiscatibene.it,,@gbvitrano,08-02-2016,2016-February,2016,Beni confiscati alle criminalità in  Italia - Aggiornamento 31 dicembre 2015,http://u.osmfr.org/m/77449/
Zonizzazione e vincoli sul territorio della Città di Palermo – Qgis Cloud,Zonizzazione e vincoli sul territorio della Città di Palermo – Qgis Cloud,https://palermohub.opendatasicilia.it/egend/thumbs_index/prg_qgis_cloud.jpg,"Variante Generale,PRG,PPE,Centro Storico,Palermo,Controllo del territorio,Governo del territorio,Zonizzazione,Pianp Particolareggiato",Strumenti Urbanistici,Palermo,https://palermohub.opendatasicilia.it/prg_qgis_cloud.html,Comune di Palermo,,@gbvitrano,22-12-2015,2015-December,2015,Zonizzazione e vincoli sul territorio della Città di Palermo – Qgis Cloud,https://goo.gl/cqfeMH
OPEN Censimenti - Palermo,OPEN Censimenti - Italia su dati Istat 2011,https://palermohub.opendatasicilia.it/egend/thumbs_index/opencensimenti_palermo.jpg,"Istat,Censimento,Popolazione,Opendata,Palermo,Sicilia,Italia",Strumenti Urbanistici,Italia,https://public.ixmaps.com.s3-website-eu-west-1.amazonaws.com/stage/app/Istat_basi_territoriali/Censimento_OnePage/index.html,ISTAT,,@grichter,04-07-2015,2015-July,2015,ixmaps.com/examples,http://ixmaps.com/examples/
Piano Particolareggiato Esecutivo del Centro Storico di Palermo – Qgis Cloud,Piano Particolareggiato Esecutivo del Centro Storico di Palermo – Qgis Cloud,https://palermohub.opendatasicilia.it/egend/thumbs_index/ppe_qgis_cloud.jpg,"Variante Generale,PRG,PPE,Centro Storico,Palermo,Controllo del territorio,Governo del territorio,Zonizzazione,Pianp Particolareggiato",Strumenti Urbanistici,Palermo,https://palermohub.opendatasicilia.it/ppe_qgis_cloud.html,Comune di Palermo,,@gbvitrano,22-05-2015,2015-May,2015,Piano Particolareggiato Esecutivo del Centro Storico di Palermo – Qgis Cloud,https://goo.gl/zWHGF2
Mappatura al 2010 degli interventi nel Centro Storico di Palermo,Mappatura al 2010 degli interventi nel Centro Storico di Palermo,https://palermohub.opendatasicilia.it/egend/thumbs_index/int_centro_storico.jpg,"Palermo,Centro Storico,Edifici storici,Controllo Territorio,Monitoraggio",Strumenti Urbanistici,Palermo,https://palermohub.opendatasicilia.it/int_centro_storico.html,Il futuro del centro storico di Palermo di Maurizio Carta,,"Maria Lucia Cannarozzo,Emilio Di Gristina,@gbvitrano",08-05-2015,2015-May,2015,Atlante del Centro Storico - Palermo (2010),http://u.osmfr.org/m/67007/
Mappa monumentale di Palermo e dell'Agro Palermitano,"Stanco della mancanza di una mappa monumentale seria e completa ho deciso di costruirmela da solo, nella speranza che sia di gradimento. Marcello Petrucci",https://palermohub.opendatasicilia.it/egend/thumbs_index/mappa_monumentale_palermo.jpg,"Cultura,Turismo,Palermo,Edifici storici","Cultura,Turismo",Palermo,https://palermohub.opendatasicilia.it/mappa_monumentale.html,Censimento dei momumenti a cura di Marcello Petrucci,,Marcello Petrucci,01-01-2015,2015-January,2015,"Mappa monumentale di Palermo e dell'Agro Palermitano, di Marcello Petrucci",https://www.google.com/maps/d/u/0/viewer?mid=1BbwKWTf0ssw__JFLvYJAoVrZVDw&ll=38.120462249124266%2C13.370318412780762&z=15
Ortofoto 14 centimetri -  Aree Urbane,"Le Ortofoto a risoluzione di 14 cm del SITR della Regione Siciliana - Aree Urbane - Palermo ,Enna, Messina, Ragusa, Trapani - <a href=""http://opendatasicilia.it/2014/12/24/lortofoto-di-natale-14-centimetri/"" title=""Post OpenDataSicilia.it"" target=""_blank""> L’ortofoto di Natale, a 14 centimetri</a>

",https://palermohub.opendatasicilia.it/egend/thumbs_index/ortofoto14cm.jpg,"Ortofoto 14 centimetri,Palermo,Enna,Messina,Ragusa,Trapani,",Cartografia,Sicilia,https://palermohub.opendatasicilia.it/ortofoto14cm.html,Regione Sicilia,,@aborruso,24-12-2014,2014-December,2014,"<a href=""http://opendatasicilia.it/2014/12/24/lortofoto-di-natale-14-centimetri/"" title=""Post OpenDataSicilia.it"" target=""_blank""> L’ortofoto di Natale, a 14 centimetri</a>
",http://siciliahub.github.io/mappe/14centimetri/#7/37.514/14.040